[
  {
    "id": "hokkaido",
    "name": "北海道",
    "name_kana": "ほっかいどう",
    "region_id": "hokkaido",
    "country_code": "jp"
  },
  {
    "id": "aomori",
    "name": "青森県",
    "name_kana": "あおもりけん",
    "region_id": "tohoku",
    "country_code": "jp"
  },
  {
    "id": "iwate",
    "name": "岩手県",
    "name_kana": "いわてけん",
    "region_id": "tohoku",
    "country_code": "jp"
  },
  {
    "id": "miyagi",
    "name": "宮城県",
    "name_kana": "みやぎけん",
    "region_id": "tohoku",
    "country_code": "jp"
  },
  {
    "id": "akita",
    "name": "秋田県",
    "name_kana": "あきたけん",
    "region_id": "tohoku",
    "country_code": "jp"
  },
  {
    "id": "yamagata",
    "name": "山形県",
    "name_kana": "やまがたけん",
    "region_id": "tohoku",
    "country_code": "jp"
  },
  {
    "id": "fukushima",
    "name": "福島県",
    "name_kana": "ふくしまけん",
    "region_id": "tohoku",
    "country_code": "jp"
  },
  {
    "id": "ibaraki",
    "name": "茨城県",
    "name_kana": "いばらきけん",
    "region_id": "kanto",
    "country_code": "jp"
  },
  {
    "id": "tochigi",
    "name": "栃木県",
    "name_kana": "とちぎけん",
    "region_id": "kanto",
    "country_code": "jp"
  },
  {
    "id": "gunma",
    "name": "群馬県",
    "name_kana": "ぐんまけん",
    "region_id": "kanto",
    "country_code": "jp"
  },
  {
    "id": "saitama",
    "name": "埼玉県",
    "name_kana": "さいたまけん",
    "region_id": "kanto",
    "country_code": "jp"
  },
  {
    "id": "chiba",
    "name": "千葉県",
    "name_kana": "ちばけん",
    "region_id": "kanto",
    "country_code": "jp"
  },
  {
    "id": "tokyo",
    "name": "東京都",
    "name_kana": "とうきょうと",
    "region_id": "kanto",
    "country_code": "jp"
  },
  {
    "id": "kanagawa",
    "name": "神奈川県",
    "name_kana": "かながわけん",
    "region_id": "kanto",
    "country_code": "jp"
  },
  {
    "id": "niigata",
    "name": "新潟県",
    "name_kana": "にいがたけん",
    "region_id": "chubu",
    "country_code": "jp"
  },
  {
    "id": "toyama",
    "name": "富山県",
    "name_kana": "とやまけん",
    "region_id": "chubu",
    "country_code": "jp"
  },
  {
    "id": "ishikawa",
    "name": "石川県",
    "name_kana": "いしかわけん",
    "region_id": "chubu",
    "country_code": "jp"
  },
  {
    "id": "fukui",
    "name": "福井県",
    "name_kana": "ふくいけん",
    "region_id": "chubu",
    "country_code": "jp"
  },
  {
    "id": "yamanashi",
    "name": "山梨県",
    "name_kana": "やまなしけん",
    "region_id": "chubu",
    "country_code": "jp"
  },
  {
    "id": "nagano",
    "name": "長野県",
    "name_kana": "ながのけん",
    "region_id": "chubu",
    "country_code": "jp"
  },
  {
    "id": "gifu",
    "name": "岐阜県",
    "name_kana": "ぎふけん",
    "region_id": "chubu",
    "country_code": "jp"
  },
  {
    "id": "shizuoka",
    "name": "静岡県",
    "name_kana": "しずおかけん",
    "region_id": "chubu",
    "country_code": "jp"
  },
  {
    "id": "aichi",
    "name": "愛知県",
    "name_kana": "あいちけん",
    "region_id": "chubu",
    "country_code": "jp"
  },
  {
    "id": "mie",
    "name": "三重県",
    "name_kana": "みえけん",
    "region_id": "kinki",
    "country_code": "jp"
  },
  {
    "id": "shiga",
    "name": "滋賀県",
    "name_kana": "しがけん",
    "region_id": "kinki",
    "country_code": "jp"
  },
  {
    "id": "kyoto",
    "name": "京都府",
    "name_kana": "きょうとふ",
    "region_id": "kinki",
    "country_code": "jp"
  },
  {
    "id": "osaka",
    "name": "大阪府",
    "name_kana": "おおさかふ",
    "region_id": "kinki",
    "country_code": "jp"
  },
  {
    "id": "hyogo",
    "name": "兵庫県",
    "name_kana": "ひょうごけん",
    "region_id": "kinki",
    "country_code": "jp"
  },
  {
    "id": "nara",
    "name": "奈良県",
    "name_kana": "ならけん",
    "region_id": "kinki",
    "country_code": "jp"
  },
  {
    "id": "wakayama",
    "name": "和歌山県",
    "name_kana": "わかやまけん",
    "region_id": "kinki",
    "country_code": "jp"
  },
  {
    "id": "tottori",
    "name": "鳥取県",
    "name_kana": "とっとりけん",
    "region_id": "chugoku",
    "country_code": "jp"
  },
  {
    "id": "shimane",
    "name": "島根県",
    "name_kana": "しまねけん",
    "region_id": "chugoku",
    "country_code": "jp"
  },
  {
    "id": "okayama",
    "name": "岡山県",
    "name_kana": "おかやまけん",
    "region_id": "chugoku",
    "country_code": "jp"
  },
  {
    "id": "hiroshima",
    "name": "広島県",
    "name_kana": "ひろしまけん",
    "region_id": "chugoku",
    "country_code": "jp"
  },
  {
    "id": "yamaguchi",
    "name": "山口県",
    "name_kana": "やまぐちけん",
    "region_id": "chugoku",
    "country_code": "jp"
  },
  {
    "id": "tokushima",
    "name": "徳島県",
    "name_kana": "とくしまけん",
    "region_id": "shikoku",
    "country_code": "jp"
  },
  {
    "id": "kagawa",
    "name": "香川県",
    "name_kana": "かがわけん",
    "region_id": "shikoku",
    "country_code": "jp"
  },
  {
    "id": "ehime",
    "name": "愛媛県",
    "name_kana": "えひめけん",
    "region_id": "shikoku",
    "country_code": "jp"
  },
  {
    "id": "kochi",
    "name": "高知県",
    "name_kana": "こうちけん",
    "region_id": "shikoku",
    "country_code": "jp"
  },
  {
    "id": "fukuoka",
    "name": "福岡県",
    "name_kana": "ふくおかけん",
    "region_id": "kyushu",
    "country_code": "jp"
  },
  {
    "id": "saga",
    "name": "佐賀県",
    "name_kana": "さがけん",
    "region_id": "kyushu",
    "country_code": "jp"
  },
  {
    "id": "nagasaki",
    "name": "長崎県",
    "name_kana": "ながさきけん",
    "region_id": "kyushu",
    "country_code": "jp"
  },
  {
    "id": "kumamoto",
    "name": "熊本県",
    "name_kana": "くまもとけん",
    "region_id": "kyushu",
    "country_code": "jp"
  },
  {
    "id": "oita",
    "name": "大分県",
    "name_kana": "おおいたけん",
    "region_id": "kyushu",
    "country_code": "jp"
  },
  {
    "id": "miyazaki",
    "name": "宮崎県",
    "name_kana": "みやざきけん",
    "region_id": "kyushu",
    "country_code": "jp"
  },
  {
    "id": "kagoshima",
    "name": "鹿児島県",
    "name_kana": "かごしまけん",
    "region_id": "kyushu",
    "country_code": "jp"
  },
  {
    "id": "okinawa",
    "name": "沖縄県",
    "name_kana": "おきなわけん",
    "region_id": "okinawa",
    "country_code": "jp"
  }
]
