id,name,name_en,name_kana,lat,lon,place_type,is_in,old_name,all_tags
57542483,"目黒区","Meguro","めぐろく",35.6412891,139.6983834,city,"","","{""name"":""目黒区"",""name:ar"":""ميغورو، طوكيو"",""name:de"":""Meguro"",""name:en"":""Meguro"",""name:es"":""Meguro"",""name:eu"":""Meguro"",""name:fr"":""Arrondissement de Meguro"",""name:it"":""Meguro"",""name:ja"":""目黒区"",""name:ja-Hira"":""めぐろく"",""name:ja-Latn"":""Meguro-ku"",""name:ko"":""메구로구"",""name:lt"":""Meguras"",""name:pl"":""Meguro"",""name:ru"":""Мэгуро"",""name:th"":""เขตเมงูโระ"",""name:uk"":""Меґуро"",""name:zh"":""目黑區"",""name:zh-Hant"":""目黑區"",""place"":""city"",""population"":""288088"",""source:population"":""Census 2020"",""start_date"":""1943-07-01"",""wikidata"":""Q233903"",""wikipedia"":""ja:目黒区""}"
243993095,"さいたま市","Saitama","さいたまし",35.8616402,139.6457957,city,"","","{""capital"":""4"",""is_in:country"":""Japan"",""is_in:country_code"":""JP"",""is_in:island"":""Honshu"",""is_in:state"":""関東 (Kanto Region)"",""name"":""さいたま市"",""name:ar"":""سايتاما، سايتاما"",""name:cnr"":""Saitama"",""name:cs"":""Saitama"",""name:en"":""Saitama"",""name:es"":""Saitama"",""name:et"":""Saitama"",""name:eu"":""Saitama"",""name:fr"":""Saitama"",""name:ja"":""さいたま市"",""name:ja_kana"":""さいたまし"",""name:ja_rm"":""Saitama-shi"",""name:ko"":""사이타마시"",""name:lt"":""Saitama"",""name:mr"":""साईतामा"",""name:pl"":""Saitama"",""name:pt"":""Saitama"",""name:ru"":""Сайтама"",""name:sl"":""Saitama"",""name:sr"":""Саитама"",""name:sv"":""Saitama"",""name:th"":""ไซตามะ"",""name:uk"":""Сайтама"",""name:zh"":""埼玉市"",""name:zh-Hans"":""埼玉市"",""name:zh-Hant"":""埼玉市"",""place"":""city"",""population"":""1182115"",""wikidata"":""Q134635"",""wikipedia"":""en:Saitama (city)""}"
247962196,"飯能市","Hanno","はんのうし",35.8556902,139.3276436,city,"","","{""name"":""飯能市"",""name:ar"":""هانو، سايتاما"",""name:de"":""Hannō"",""name:en"":""Hanno"",""name:es"":""Hannō"",""name:fr"":""Hannō"",""name:ja"":""飯能市"",""name:ja-Hira"":""はんのうし"",""name:ja-Latn"":""Hannō-shi"",""name:ko"":""한노시"",""name:pl"":""Hannō"",""name:ru"":""Ханно"",""name:th"":""ฮันโน"",""name:uk"":""Ханно"",""name:zh"":""飯能市"",""name:zh-Hant"":""飯能市"",""place"":""city"",""population"":""80361"",""source:population"":""Census 2020"",""wikidata"":""Q850472"",""wikipedia"":""ja:飯能市""}"
265018692,"東京都","Tokyo","とうきょうと",35.6768601,139.7638947,city,"","","{""admin_level"":""2"",""alt_name:be"":""Токіё"",""alt_name:hr"":""Tokyo"",""alt_name:la"":""Tocium"",""capital"":""yes"",""capital_ISO3166-1"":""yes"",""name"":""東京都"",""name:ab"":""Токио"",""name:af"":""Tokio"",""name:am"":""ቶክዮ"",""name:an"":""Tokio"",""name:ar"":""طوكيو"",""name:as"":""টকিঅ'"",""name:ast"":""Tokio"",""name:ay"":""Tokyo"",""name:az"":""Tokio"",""name:ba"":""Токио"",""name:be"":""Токіа"",""name:bg"":""Токио"",""name:bh"":""टोकियो"",""name:bi"":""Tokio"",""name:bm"":""Tokyo"",""name:bn"":""টোকিও"",""name:bo"":""ཐོ་ཁེ་ཡོ།"",""name:br"":""Tokyo"",""name:bs"":""Tokio"",""name:ca"":""Tòquio"",""name:ce"":""Токио"",""name:ch"":""Tokyo"",""name:ckb"":""تۆکیۆ"",""name:cnr"":""Tokio"",""name:co"":""Tokiu"",""name:cs"":""Tokio"",""name:cu"":""Тѡкио"",""name:cv"":""Токио"",""name:cy"":""Tokyo"",""name:da"":""Tokyo"",""name:de"":""Tokio"",""name:dv"":""ޓޯކިޔޯ"",""name:dz"":""ཊོ་ཀི་ཡ"",""name:ee"":""Tokyo"",""name:el"":""Τόκιο"",""name:en"":""Tokyo"",""name:eo"":""Tokio"",""name:es"":""Tokio"",""name:et"":""Tōkyō"",""name:eu"":""Tokio"",""name:fa"":""توکیو"",""name:fi"":""Tokio"",""name:fj"":""Tokio"",""name:fo"":""Tokyo"",""name:fr"":""Tokyo"",""name:fy"":""Tokio"",""name:ga"":""Tóiceo"",""name:gd"":""Tokyo"",""name:gl"":""Toquio"",""name:gn"":""Tókio"",""name:ha"":""Tokyo"",""name:he"":""טוקיו"",""name:hi"":""टोक्यो"",""name:hr"":""Tokio"",""name:ht"":""Tokyo"",""name:hu"":""Tokió"",""name:hy"":""Տոկիո"",""name:ia"":""Tokyo"",""name:id"":""Tokyo"",""name:ie"":""Tōkyō"",""name:ik"":""Tukiu"",""name:io"":""Tokyo"",""name:is"":""Tókýó"",""name:it"":""Tokyo"",""name:ja"":""東京都"",""name:ja-Hira"":""とうきょうと"",""name:ja-Latn"":""Tōkyō-to"",""name:jbo"":"".tokios."",""name:jv"":""Tokyo"",""name:ka"":""ტოკიო"",""name:kab"":""Tokyo"",""name:ki"":""Tokyo"",""name:kk"":""Токио"",""name:km"":""តូក្យូ"",""name:kn"":""ಟೋಕ್ಯೊ"",""name:ko"":""도쿄도"",""name:ks"":""ٹوکیو"",""name:ku"":""Tokyo"",""name:kw"":""Tokyo"",""name:ky"":""Токио"",""name:la"":""Tokium"",""name:lb"":""Tokio"",""name:lg"":""Tokyo"",""name:li"":""Tokio"",""name:ln"":""Tokyo"",""name:lo"":""ໂຕກຽວ"",""name:lt"":""Tokijas"",""name:lv"":""Tokija"",""name:mg"":""Tokyo"",""name:mi"":""Tōkio"",""name:mk"":""Токио"",""name:ml"":""ടോക്കിയോ"",""name:mn"":""Токио"",""name:mr"":""तोक्यो"",""name:ms"":""Tokyo"",""name:mt"":""Tokjo"",""name:my"":""တိုကျိုမြို့"",""name:nan"":""Tang-kiaⁿ"",""name:nb"":""Tokyo"",""name:ne"":""टोकियो"",""name:nl"":""Tokio"",""name:nn"":""Tokyo"",""name:no"":""Tokyo"",""name:nv"":""Táłtsʼá Hiníyíní"",""name:ny"":""Tokyo"",""name:oc"":""Tòquio"",""name:or"":""ଟୋକିଓ"",""name:os"":""Токио"",""name:pa"":""ਟੋਕੀਓ"",""name:pap"":""Tokyo"",""name:pl"":""Tokio"",""name:ps"":""توکیو"",""name:pt"":""Tóquio"",""name:qu"":""Tokyo"",""name:rm"":""Tokio"",""name:ro"":""Tōkyō"",""name:ru"":""Токио"",""name:rw"":""Tokyo"",""name:sa"":""टोक्यो"",""name:sc"":""Tokio"",""name:sd"":""ٽوڪيو"",""name:se"":""Tokio"",""name:si"":""ටෝකියෝ"",""name:sk"":""Tokio"",""name:sl"":""Tokio"",""name:sm"":""Tokyo"",""name:sn"":""Tokyo"",""name:so"":""Tokyo"",""name:sq"":""Tokio"",""name:sr"":""Токио"",""name:ss"":""ITokyo"",""name:su"":""Tokyo"",""name:sv"":""Tokyo"",""name:sw"":""Tokyo"",""name:szl"":""Tokjo"",""name:ta"":""டோக்கியோ"",""name:te"":""టోక్యో"",""name:tg"":""Токио"",""name:th"":""โตเกียว"",""name:tk"":""Tokio"",""name:tl"":""Tokyo"",""name:tn"":""Tokyo"",""name:to"":""Tokio"",""name:tr"":""Tokyo"",""name:tt"":""Токио"",""name:tw"":""Tokyo"",""name:ty"":""Tokyo"",""name:ug"":""توكيو"",""name:uk"":""Токіо"",""name:ur"":""توکیو"",""name:uz"":""Tokio"",""name:vi"":""Tokyo"",""name:vo"":""Tokyo"",""name:wo"":""Tokyo"",""name:wuu"":""东京都"",""name:yi"":""טאקיא"",""name:yo"":""Tokyo"",""name:yue"":""東京都"",""name:za"":""Dunghgingh"",""name:zh"":""东京都/東京都"",""name:zh-Hans"":""东京都"",""name:zh-Hant"":""東京都"",""name:zu"":""ITokyo"",""old_name:fr"":""Tokio"",""old_name:ja"":""東亰"",""old_name:vi"":""Đông Kinh"",""old_name:zh"":""东京"",""old_name:zh-Hans"":""东京"",""old_name:zh-Hant"":""東京"",""place"":""city"",""population"":""13613660"",""rank"":""0"",""source:name:oc"":""Lo Congrès"",""website"":""https://www.metro.tokyo.lg.jp/"",""wikidata"":""Q1490"",""wikidata_unofficial"":""Q7473516"",""wikimedia_commons"":""Category:Tokyo"",""wikipedia"":""ja:東京都"",""wikipedia:en"":""Tokyo""}"
509904081,"武蔵野市","Musashino","むさしのし",35.7177239,139.5659802,city,"","","{""is_in:country"":""Japan"",""is_in:country_code"":""JP"",""name"":""武蔵野市"",""name:en"":""Musashino"",""name:fr"":""Musashino"",""name:ja"":""武蔵野市"",""name:ja_kana"":""むさしのし"",""name:ja_rm"":""Musashino-shi"",""name:ko"":""무사시노시"",""name:lt"":""Musašinas"",""name:pl"":""Musashino"",""name:ru"":""Мусасино"",""name:th"":""มูซาชิโนะ"",""name:uk"":""Мусасіно"",""name:zh"":""武藏野市"",""name:zh-Hant"":""武藏野市"",""place"":""city"",""population"":""140162"",""wikidata"":""Q210661"",""wikipedia"":""en:Musashino, Tokyo""}"
527555169,"三鷹市","Mitaka","みたかし",35.6833926,139.5592421,city,"","","{""is_in:country"":""Japan"",""is_in:country_code"":""JP"",""name"":""三鷹市"",""name:ar"":""ميتاكا، طوكيو"",""name:bg"":""Митака"",""name:de"":""Mitaka"",""name:en"":""Mitaka"",""name:es"":""Mitaka"",""name:fa"":""میتاکا، توکیو"",""name:fi"":""Mitaka"",""name:fr"":""Mitaka"",""name:gl"":""Mitaka"",""name:it"":""Mitaka"",""name:ja"":""三鷹市"",""name:ja_kana"":""みたかし"",""name:ja_rm"":""Mitaka-shi"",""name:ko"":""미타카시"",""name:lt"":""Mitaka"",""name:ms"":""Mitaka"",""name:mzn"":""میتاکا، توکیو"",""name:nl"":""Mitaka"",""name:pl"":""Mitaka"",""name:pt"":""Mitaka"",""name:roa-rup"":""Mitaka"",""name:ru"":""Митака"",""name:sh"":""Mitaka"",""name:sr"":""Митака"",""name:tg"":""Митака"",""name:th"":""มิตากะ"",""name:uk"":""Мітака"",""name:yue"":""三鷹市"",""name:zh"":""三鷹市"",""name:zh-Hant"":""三鷹市"",""place"":""city"",""population"":""189577"",""source:population"":""http://www.toukei.metro.tokyo.jp/jsuikei/js-index.htm"",""wikidata"":""Q242885"",""wikipedia"":""en:Mitaka, Tokyo""}"
602527728,"狛江市","Komae","こまえし",35.6347642,139.5787343,city,"","","{""name"":""狛江市"",""name:ar"":""كومايه، طوكيو"",""name:de"":""Komae"",""name:en"":""Komae"",""name:eo"":""Komae"",""name:es"":""Komae"",""name:et"":""Komae"",""name:fa"":""کومائه، توکیو"",""name:fi"":""Komae"",""name:fr"":""Komae"",""name:gl"":""Komae"",""name:it"":""Komae"",""name:ja"":""狛江市"",""name:ja_kana"":""こまえし"",""name:ja_rm"":""Komae-shi"",""name:ko"":""고마에시"",""name:lt"":""Komajė"",""name:ms"":""Komae"",""name:mzn"":""کومائه، توکیو"",""name:pl"":""Komae"",""name:pt"":""Komae"",""name:ro"":""Komae, Tokyo"",""name:roa-rup"":""Komae"",""name:ru"":""Комаэ"",""name:tg"":""Комае"",""name:th"":""โคมาเอะ"",""name:tl"":""Komae, Tokyo"",""name:uk"":""Комае"",""name:vi"":""Komae, Tokyo"",""name:war"":""Komae, Tokyo"",""name:yue"":""狛江市"",""name:zh"":""狛江市"",""name:zh-Hant"":""狛江市"",""place"":""city"",""population"":""76234"",""wikidata"":""Q86536"",""wikipedia"":""ja:狛江市""}"
621286703,"調布市","Chofu","",35.6506036,139.5407066,city,"","","{""name"":""調布市"",""name:ar"":""تشوفو، طوكيو"",""name:bg"":""Чофу"",""name:de"":""Chōfu"",""name:en"":""Chofu"",""name:es"":""Chōfu"",""name:et"":""Chōfu"",""name:fa"":""چوفو، توکیو"",""name:fi"":""Chōfu"",""name:fr"":""Chōfu"",""name:gl"":""Chōfu, Tōkyō"",""name:it"":""Chōfu"",""name:ja"":""調布市"",""name:ja_rm"":""Chōfu-shi"",""name:ko"":""조후시"",""name:lt"":""Čiofu"",""name:ms"":""Chofu"",""name:mzn"":""چوفو، توکیو"",""name:nl"":""Chofu"",""name:pl"":""Chōfu"",""name:pt"":""Chofu"",""name:roa-rup"":""Chōfu"",""name:ru"":""Тёфу"",""name:sh"":""Čofu"",""name:sr"":""Чофу"",""name:sv"":""Chofu"",""name:tg"":""Чōфу"",""name:th"":""โชฟุ"",""name:uk"":""Тьофу"",""name:yue"":""調布市"",""name:zh"":""調布市"",""name:zh-Hant"":""調布市"",""place"":""city"",""population"":""232573"",""source:population"":""http://www.toukei.metro.tokyo.jp/jsuikei/js-index.htm"",""wikidata"":""Q210667"",""wikipedia"":""ja:調布市""}"
621890744,"府中市","Fuchu","ふちゅうし",35.6693751,139.4774094,city,"","","{""is_in:country"":""Japan"",""is_in:country_code"":""JP"",""name"":""府中市"",""name:ar"":""فوتشو، طوكيو"",""name:bg"":""Фучу"",""name:de"":""Fuchū"",""name:en"":""Fuchu"",""name:eo"":""Fuĉu"",""name:es"":""Fuchū"",""name:et"":""Fuchū"",""name:fa"":""فوچو، توکیو"",""name:fi"":""Fuchū"",""name:fr"":""Fuchū"",""name:gl"":""Fuchū, Tōkyō"",""name:it"":""Fuchū"",""name:ja"":""府中市"",""name:ja_kana"":""ふちゅうし"",""name:ja_rm"":""Fuchū-shi"",""name:ko"":""후추시"",""name:lt"":""Fučiū"",""name:ms"":""Fuchu"",""name:mzn"":""فوچو، توکیو"",""name:nl"":""Fuchu"",""name:pl"":""Fuchū"",""name:pt"":""Fuchū"",""name:ro"":""Fuchu, Tokyo"",""name:roa-rup"":""Fuchū"",""name:ru"":""Футю"",""name:sr"":""Фучу"",""name:sv"":""Fuchu"",""name:tg"":""Фучу, Токио"",""name:th"":""ฟูจู"",""name:uk"":""Футю"",""name:yue"":""府中市"",""name:zh"":""府中市"",""name:zh-Hant"":""府中市"",""place"":""city"",""population"":""261991"",""source:population"":""http://www.toukei.metro.tokyo.jp/jsuikei/js-index.htm"",""wikidata"":""Q208818"",""wikipedia"":""en:Fuchū, Tokyo""}"
622423997,"八王子市","Hachioji","はちおうじし",35.6663595,139.3163653,city,"","","{""name"":""八王子市"",""name:ar"":""هاتشيؤوجي، طوكيو"",""name:bg"":""Хачиоджи"",""name:de"":""Hachiōji"",""name:en"":""Hachioji"",""name:eo"":""Haĉioĵi"",""name:es"":""Hachiōji"",""name:et"":""Hachiōji"",""name:fa"":""هاچی‌اوجی، توکیو"",""name:fi"":""Hachiōji"",""name:fr"":""Hachiōji"",""name:gl"":""Hachiōji"",""name:it"":""Hachiōji"",""name:ja"":""八王子市"",""name:ja-Hira"":""はちおうじし"",""name:ja-Latn"":""Hachiōji-shi"",""name:ko"":""하치오지시"",""name:lt"":""Hačiodžis"",""name:ms"":""Hachioji"",""name:mzn"":""هاچی‌اوجی، توکیو"",""name:nan"":""Hatiôzi-chhī"",""name:nl"":""Hachioji"",""name:pl"":""Hachiōji"",""name:pt"":""Hachioji"",""name:ro"":""Hachioji, Tokyo"",""name:ru"":""Хатиодзи"",""name:sh"":""Hačiodži"",""name:sr"":""Хачиоџи"",""name:tg"":""Ҳачиоҷи"",""name:th"":""ฮาจิโอจิ"",""name:uk"":""Хатіодзі"",""name:yue"":""八王子市"",""name:zh"":""八王子市"",""name:zh-Hant"":""八王子市"",""place"":""city"",""population"":""555517"",""website"":""https://www.city.hachioji.tokyo.jp/"",""wikidata"":""Q208863"",""wikipedia"":""ja:八王子市""}"
622424880,"日野市","Hino","ひのし",35.6713394,139.3949801,city,"","","{""is_in:country"":""Japan"",""is_in:country_code"":""JP"",""is_in:island"":""Honshu"",""is_in:region"":""東京都 (Tokyo Metropolis)"",""is_in:state"":""関東地方 (Kantō region)"",""name"":""日野市"",""name:ar"":""هينو، طوكيو"",""name:bg"":""Хино"",""name:de"":""Hino"",""name:en"":""Hino"",""name:eo"":""Hino"",""name:es"":""Hino"",""name:fa"":""هینو، توکیو"",""name:fi"":""Hino"",""name:fr"":""Hino"",""name:gl"":""Hino"",""name:it"":""Hino"",""name:ja"":""日野市"",""name:ja_kana"":""ひのし"",""name:ja_rm"":""Hino-shi"",""name:ko"":""히노시"",""name:lt"":""Hinas"",""name:ms"":""Hino"",""name:mzn"":""هینو، توکیو"",""name:nl"":""Hino"",""name:pl"":""Hino"",""name:pt"":""Hino"",""name:roa-rup"":""Hino"",""name:ru"":""Хино"",""name:sh"":""Hino"",""name:sr"":""Хино"",""name:tg"":""Ҳино"",""name:th"":""ฮิโนะ"",""name:uk"":""Хіно"",""name:yue"":""日野市"",""name:zh"":""日野市"",""name:zh-Hant"":""日野市"",""place"":""city"",""population"":""171309"",""wikidata"":""Q236197"",""wikipedia"":""en:Hino, Tokyo""}"
622640333,"稲城市","Inagi","いなぎし",35.6379674,139.5046754,city,"","","{""is_in:island"":""Honshu"",""is_in:state"":""関東地方 (Kantō region)"",""name"":""稲城市"",""name:ar"":""إناغي، طوكيو"",""name:de"":""Inagi"",""name:en"":""Inagi"",""name:eo"":""Inagi"",""name:es"":""Inagi"",""name:fa"":""ایناگی، توکیو"",""name:fi"":""Inagi"",""name:fr"":""Inagi"",""name:gl"":""Inagi"",""name:it"":""Inagi"",""name:ja"":""稲城市"",""name:ja-Hira"":""いなぎし"",""name:ja-Latn"":""Inagi-shi"",""name:ko"":""이나기시"",""name:lt"":""Inagis"",""name:ms"":""Inagi"",""name:mzn"":""ایناگی، توکیو"",""name:nl"":""Inagi"",""name:pl"":""Inagi"",""name:pt"":""Inagi"",""name:roa-rup"":""Inagi"",""name:ru"":""Инаги"",""name:tg"":""Инаги"",""name:th"":""อินางิ"",""name:uk"":""Інаґі"",""name:yue"":""稻城市"",""name:zh"":""稻城市"",""name:zh-Hant"":""稻城市"",""place"":""city"",""population"":""93151"",""source:population"":""Census 2020"",""wikidata"":""Q317847"",""wikipedia"":""ja:稲城市"",""wikipedia:en"":""Inagi""}"
622642835,"多摩市","Tama","たまし",35.6370223,139.4463569,city,"","","{""is_in:country"":""Japan"",""is_in:country_code"":""JP"",""is_in:island"":""Honshu"",""is_in:region"":""東京都 (Tokyo Metropolis)"",""is_in:state"":""関東地方 (Kantō region)"",""layer"":""1"",""name"":""多摩市"",""name:ar"":""تاما، طوكيو"",""name:bg"":""Тама"",""name:de"":""Tama"",""name:en"":""Tama"",""name:es"":""Tama"",""name:fa"":""تاما، توکیو"",""name:fi"":""Tama"",""name:fr"":""Tama"",""name:gl"":""Tama, Tōkyō"",""name:it"":""Tama"",""name:ja"":""多摩市"",""name:ja_kana"":""たまし"",""name:ja_rm"":""Tama-shi"",""name:ko"":""다마시"",""name:lt"":""Tama"",""name:ms"":""Tama"",""name:mzn"":""تاما، توکیو"",""name:nl"":""Tama"",""name:pl"":""Tama"",""name:pt"":""Tama"",""name:roa-rup"":""Tama"",""name:ru"":""Тама"",""name:sh"":""Tama"",""name:sr"":""Тама"",""name:tg"":""Тама"",""name:th"":""ทามะ"",""name:uk"":""Тама"",""name:yue"":""多摩市"",""name:zh"":""多摩市"",""name:zh-Hant"":""多摩市"",""place"":""city"",""population"":""144348"",""wikidata"":""Q213263"",""wikipedia"":""en:Tama, Tokyo""}"
622866764,"中野区","Nakano","なかのく",35.7086179,139.6629399,city,"","","{""name"":""中野区"",""name:ar"":""ناكانو، طوكيو"",""name:de"":""Nakano"",""name:en"":""Nakano"",""name:es"":""Nakano"",""name:fr"":""Nakano"",""name:it"":""Nakano"",""name:ja"":""中野区"",""name:ja-Hira"":""なかのく"",""name:ja-Latn"":""Nakano-ku"",""name:ko"":""나카노구"",""name:lt"":""Nakanas"",""name:pl"":""Nakano"",""name:ru"":""Накано"",""name:th"":""เขตนากาโนะ"",""name:uk"":""Накано"",""name:zh"":""中野區"",""name:zh-Hant"":""中野區"",""place"":""city"",""population"":""336639"",""population:date"":""2018"",""source:population"":""http://www.toukei.metro.tokyo.jp/jsuikei/js-index.htm"",""wikidata"":""Q234087"",""wikipedia"":""ja:中野区""}"
622868305,"練馬区","Nerima","ねりまく",35.7357808,139.6521325,city,"","","{""name"":""練馬区"",""name:ar"":""نيريما، طوكيو"",""name:de"":""Nerima"",""name:en"":""Nerima"",""name:es"":""Nerima"",""name:fr"":""Nerima"",""name:it"":""Nerima"",""name:ja"":""練馬区"",""name:ja-Hira"":""ねりまく"",""name:ja-Latn"":""Nerima-ku"",""name:ko"":""네리마구"",""name:lt"":""Nerimos seniūnija"",""name:pl"":""Nerima"",""name:ru"":""Нерима"",""name:th"":""เขตเนริมะ"",""name:uk"":""Неріма"",""name:zh"":""練馬區"",""name:zh-Hant"":""練馬區"",""place"":""city"",""population"":""733150"",""population:date"":""2018"",""source:population"":""http://www.toukei.metro.tokyo.jp/jsuikei/js-index.htm"",""wikidata"":""Q232655"",""wikipedia"":""ja:練馬区""}"
622868936,"和光市","Wako","わこうし",35.7817053,139.6058692,city,"","","{""name"":""和光市"",""name:ar"":""واكو، سايتاما"",""name:de"":""Wakō"",""name:en"":""Wako"",""name:es"":""Wakō"",""name:fr"":""Wakō"",""name:ja"":""和光市"",""name:ja-Hira"":""わこうし"",""name:ja-Latn"":""Wakō"",""name:ko"":""와코시"",""name:pl"":""Wakō"",""name:ru"":""Вако"",""name:th"":""วาโก"",""name:uk"":""Вако"",""name:zh"":""和光市"",""name:zh-Hant"":""和光市"",""place"":""city"",""population"":""82017"",""population:date"":""2018"",""wikidata"":""Q658058"",""wikipedia"":""ja:和光市""}"
622870825,"朝霞市","Asaka","あさかし",35.7970861,139.593733,city,"","","{""name"":""朝霞市"",""name:ar"":""أساكي، سايتاما"",""name:de"":""Asaka"",""name:en"":""Asaka"",""name:es"":""Asaka"",""name:fr"":""Asaka"",""name:ja"":""朝霞市"",""name:ja-Hira"":""あさかし"",""name:ja-Latn"":""Asaka-shi"",""name:ko"":""아사카시"",""name:pl"":""Asaka"",""name:ru"":""Асака"",""name:th"":""อาซากะ"",""name:uk"":""Асака"",""name:zh"":""朝霞市"",""name:zh-Hant"":""朝霞市"",""place"":""city"",""population"":""141083"",""source:population"":""Census 2020"",""wikidata"":""Q646834"",""wikipedia"":""ja:朝霞市""}"
623797057,"町田市","Machida","",35.5466803,139.4386999,city,"","","{""name"":""町田市"",""name:ar"":""ماتشيدا، طوكيو"",""name:bg"":""Мачида"",""name:de"":""Machida"",""name:en"":""Machida"",""name:es"":""Machida"",""name:et"":""Machida"",""name:fa"":""ماچیدا، توکیو"",""name:fi"":""Machida"",""name:fr"":""Machida"",""name:gl"":""Machida"",""name:it"":""Machida"",""name:ja"":""町田市"",""name:ja_rm"":""Machida-shi"",""name:ko"":""마치다시"",""name:lt"":""Mačida"",""name:ms"":""Machida"",""name:mzn"":""ماچیدا، توکیو"",""name:nl"":""Machida"",""name:pl"":""Machida"",""name:pt"":""Machida"",""name:roa-rup"":""Machida"",""name:ru"":""Матида"",""name:sh"":""Mačida"",""name:sr"":""Мачида"",""name:sr-Latn"":""Mačida"",""name:tg"":""Мачида"",""name:th"":""มาจิดะ"",""name:uk"":""Матіда"",""name:yue"":""町田市"",""name:zh"":""町田市"",""name:zh-Hant"":""町田市"",""place"":""city"",""population"":""433720"",""source:population"":""http://www.toukei.metro.tokyo.jp/jsuikei/js-index.htm"",""wikidata"":""Q210628"",""wikipedia"":""en:Machida, Tokyo""}"
623801472,"国分寺市","Kokubunji","こくぶんじし",35.709674,139.454224,city,"","","{""name"":""国分寺市"",""name:ar"":""كوكوبونجي، طوكيو"",""name:de"":""Kokubunji"",""name:en"":""Kokubunji"",""name:eo"":""Kokubunĵi"",""name:es"":""Kokubunji"",""name:fa"":""کوکوبونجی، توکیو"",""name:fi"":""Kokubunji"",""name:fr"":""Kokubunji"",""name:gl"":""Kokubunji, Tōkyō"",""name:it"":""Kokubunji"",""name:ja"":""国分寺市"",""name:ja_kana"":""こくぶんじし"",""name:ja_rm"":""Kokubunji-shi"",""name:ko"":""고쿠분지시"",""name:lt"":""Kokubundžis"",""name:ms"":""Kokubunji"",""name:mzn"":""کوکوبونجی، توکیو"",""name:pl"":""Kokubunji"",""name:pt"":""Kokubunji"",""name:roa-rup"":""Kokubunji"",""name:ru"":""Кокубундзи"",""name:sh"":""Kokubunji"",""name:sr"":""Кокубунџи"",""name:tg"":""Кокубунҷи"",""name:th"":""โคกูบุนจิ"",""name:uk"":""Кокубундзі"",""name:yue"":""國分寺市"",""name:zh"":""國分寺市"",""name:zh-Hant"":""國分寺市"",""place"":""city"",""population"":""123290"",""source:population"":""http://www.toukei.metro.tokyo.jp/jsuikei/js-index.htm"",""wikidata"":""Q317834"",""wikipedia"":""en:Kokubunji, Tokyo""}"
623805032,"国立市","Kunitachi","",35.681991,139.43624,city,"","","{""is_in:country"":""Japan"",""is_in:country_code"":""JP"",""name"":""国立市"",""name:ar"":""كونيتاتشي، طوكيو"",""name:de"":""Kunitachi"",""name:en"":""Kunitachi"",""name:eo"":""Kunitaĉi"",""name:es"":""Kunitachi"",""name:fa"":""کونیتاچی، توکیو"",""name:fi"":""Kunitachi"",""name:fr"":""Kunitachi"",""name:gl"":""Kunitachi"",""name:it"":""Kunitachi"",""name:ja"":""国立市"",""name:ja_rm"":""Kunitachi-shi"",""name:ko"":""구니타치시"",""name:lt"":""Kunitačis"",""name:ms"":""Kunitachi"",""name:mzn"":""کونیتاچی، توکیو"",""name:pl"":""Kunitachi"",""name:pt"":""Kunitachi"",""name:roa-rup"":""Kunitachi"",""name:ru"":""Кунитати"",""name:tg"":""Кунитачи"",""name:th"":""คูนิตาจิ"",""name:uk"":""Кунітаті"",""name:yue"":""國立市"",""name:zh"":""國立市"",""name:zh-Hant"":""國立市"",""place"":""city"",""population"":""73934"",""source:population"":""http://www.toukei.metro.tokyo.jp/jsuikei/js-index.htm"",""wikidata"":""Q330007"",""wikipedia"":""en:Kunitachi, Tokyo""}"
656246516,"豊島区","Toshima","としまく",35.725913,139.7166365,city,"","","{""name"":""豊島区"",""name:ar"":""توشيما، طوكيو"",""name:de"":""Toshima"",""name:en"":""Toshima"",""name:es"":""Toshima"",""name:fr"":""Toshima"",""name:it"":""Toshima"",""name:ja"":""豊島区"",""name:ja-Hira"":""としまく"",""name:ja-Latn"":""Toshima-ku"",""name:ko"":""도시마구"",""name:lt"":""Tošima"",""name:pl"":""Toshima"",""name:ru"":""Тосима"",""name:th"":""เขตโทชิมะ"",""name:uk"":""Район Тосіма"",""name:zh"":""豐島區"",""name:zh-Hant"":""豐島區"",""place"":""city"",""population"":""298562"",""population:date"":""2018"",""wikidata"":""Q236680"",""wikimedia_commons"":""Category:Toshima"",""wikipedia"":""ja:豊島区""}"
664479961,"文京区","Bunkyo","ぶんきょうく",35.7080255,139.7523066,city,"","","{""name"":""文京区"",""name:ar"":""بونكيو، طوكيو"",""name:de"":""Bunkyō"",""name:en"":""Bunkyo"",""name:es"":""Bunkyō"",""name:fr"":""Bunkyō"",""name:it"":""Bunkyo"",""name:ja"":""文京区"",""name:ja-Hira"":""ぶんきょうく"",""name:ja-Latn"":""Bunkyō-ku"",""name:ko"":""분쿄구"",""name:lt"":""Bunkijas"",""name:pl"":""Bunkyō"",""name:ru"":""Бункё"",""name:th"":""เขตบุงเกียว"",""name:uk"":""Бункьо"",""name:zh"":""文京區"",""name:zh-Hant"":""文京區"",""place"":""city"",""population"":""227902"",""population:date"":""2018"",""source:population"":""http://www.toukei.metro.tokyo.jp/jsuikei/js-index.htm"",""start_date"":""1947-03-15"",""wikidata"":""Q212713"",""wikimedia_commons"":""Category:Bunkyō"",""wikipedia"":""ja:文京区""}"
671141124,"新座市","Niiza","にいざし",35.7931194,139.5657258,city,"","","{""name"":""新座市"",""name:ar"":""نيزا، سايتاما"",""name:de"":""Niiza"",""name:en"":""Niiza"",""name:es"":""Niiza"",""name:fr"":""Niiza"",""name:ja"":""新座市"",""name:ja-Hira"":""にいざし"",""name:ja-Latn"":""Niiza-shi"",""name:ko"":""니자시"",""name:pl"":""Niiza"",""name:ru"":""Ниидза"",""name:th"":""นีซะ"",""name:uk"":""Ніїдза"",""name:zh"":""新座市"",""name:zh-Hant"":""新座市"",""place"":""city"",""population"":""164024"",""population:date"":""2018"",""start_date"":""1970-11-01"",""wikidata"":""Q386691"",""wikipedia"":""ja:新座市""}"
714895390,"板橋区","Itabashi","いたばしく",35.7512814,139.7087794,city,"","","{""name"":""板橋区"",""name:ar"":""إيتاباشي، طوكيو"",""name:de"":""Itabashi"",""name:en"":""Itabashi"",""name:es"":""Itabashi"",""name:fr"":""Itabashi"",""name:it"":""Itabashi"",""name:ja"":""板橋区"",""name:ja-Hira"":""いたばしく"",""name:ja-Latn"":""Itabashi-ku"",""name:ko"":""이타바시구"",""name:pl"":""Itabashi"",""name:ro"":""Itabashi"",""name:ru"":""Итабаси"",""name:th"":""เขตอิตาบาชิ"",""name:uk"":""Ітабасі"",""name:zh"":""板橋區"",""name:zh-Hant"":""板橋區"",""place"":""city"",""population"":""575432"",""population:date"":""2018"",""source:population"":""http://www.toukei.metro.tokyo.jp/jsuikei/js-index.htm"",""wikidata"":""Q232635""}"
718383251,"杉並区","Suginami","すぎなみく",35.6994929,139.6362876,city,"","","{""name"":""杉並区"",""name:de"":""Suginami"",""name:en"":""Suginami"",""name:es"":""Suginami"",""name:fr"":""Suginami"",""name:it"":""Suginami"",""name:ja"":""杉並区"",""name:ja-Hira"":""すぎなみく"",""name:ja-Latn"":""Suginami-ku"",""name:ko"":""스기나미구"",""name:lt"":""Suginamis"",""name:pl"":""Suginami"",""name:ro"":""Suginami"",""name:ru"":""Сугинами"",""name:th"":""เขตซูงินามิ"",""name:uk"":""Суґінамі"",""name:zh"":""杉並區"",""name:zh-Hant"":""杉並區"",""place"":""city"",""population"":""540180"",""start_date"":""1947-05-03"",""wikidata"":""Q232631"",""wikipedia"":""ja:杉並区""}"
721772119,"墨田区","Sumida","すみだく",35.7104196,139.8017421,city,"","","{""name"":""墨田区"",""name:ar"":""سوميدا، طوكيو"",""name:de"":""Sumida"",""name:en"":""Sumida"",""name:es"":""Sumida"",""name:fr"":""Arrondissement de Sumida"",""name:it"":""Sumida"",""name:ja"":""墨田区"",""name:ja-Hira"":""すみだく"",""name:ja-Latn"":""Sumida-ku"",""name:ko"":""스미다구"",""name:lt"":""Sumida"",""name:pl"":""Sumida"",""name:ru"":""Сумида"",""name:th"":""เขตซูมิดะ"",""name:uk"":""Суміда"",""name:zh"":""墨田區"",""name:zh-Hant"":""墨田區"",""place"":""city"",""population"":""272085"",""source:population"":""Census 2020"",""start_date"":""1947-03-15"",""wikidata"":""Q235135"",""wikipedia"":""ja:墨田区""}"
721783580,"江戸川区","Edogawa","えどがわく",35.7066318,139.868677,city,"","","{""name"":""江戸川区"",""name:ar"":""إيدوغاوا، طوكيو"",""name:de"":""Edogawa"",""name:en"":""Edogawa"",""name:es"":""Edogawa"",""name:eu"":""Edogawa"",""name:fr"":""Edogawa"",""name:it"":""Edogawa"",""name:ja"":""江戸川区"",""name:ja-Hira"":""えどがわく"",""name:ja-Latn"":""Edogawa-ku"",""name:ko"":""에도가와구"",""name:lt"":""Edogava"",""name:pl"":""Edogawa"",""name:ru"":""Эдогава"",""name:th"":""เขตเอโดงาวะ"",""name:uk"":""Едоґава"",""name:zh"":""江户川区"",""name:zh-Hans"":""江户川区"",""name:zh-Hant"":""江戶川區"",""place"":""city"",""population"":""691417"",""population:date"":""2018"",""wikidata"":""Q214056"",""wikipedia"":""ja:江戸川区""}"
721783585,"葛飾区","Katsushika","かつしかく",35.7433912,139.8473472,city,"","","{""name"":""葛飾区"",""name:ar"":""كاتسوشيكا، طوكيو"",""name:de"":""Katsushika"",""name:en"":""Katsushika"",""name:es"":""Katsushika"",""name:fr"":""Arrondissement de Katsushika"",""name:it"":""Katsushika"",""name:ja"":""葛飾区"",""name:ja-Hira"":""かつしかく"",""name:ja-Latn"":""Katsushika-ku"",""name:ko"":""가쓰시카구"",""name:lt"":""Kacušika"",""name:pl"":""Katsushika"",""name:ru"":""Кацусика"",""name:th"":""เขตคัตสึชิกะ"",""name:uk"":""Кацусіка"",""name:zh"":""葛飾區"",""name:zh-Hant"":""葛飾區"",""place"":""city"",""population"":""451483"",""population:date"":""2018"",""start_date"":""1947-05-03"",""wikidata"":""Q232628"",""wikimedia_commons"":""Category:Katsushika"",""wikipedia"":""ja:葛飾区""}"
721916368,"江東区","Koto","こうとうく",35.6727747,139.8169621,city,"","","{""admin_level"":""7"",""name"":""江東区"",""name:ar"":""كوتو، طوكيو"",""name:de"":""Kōtō"",""name:en"":""Koto"",""name:es"":""Kōtō"",""name:eu"":""Koto"",""name:fr"":""Arrondissement de Kōtō"",""name:it"":""Koto"",""name:ja-Hira"":""こうとうく"",""name:ja-Latn"":""Kōtō-ku"",""name:ko"":""고토구"",""name:lt"":""Kotas"",""name:pl"":""Kōtō"",""name:ro"":""Koto"",""name:ru"":""Кото"",""name:th"":""เขตโคโต"",""name:uk"":""Кото"",""name:zh"":""江东区"",""name:zh-Hans"":""江东区"",""name:zh-Hant"":""江東區"",""place"":""city"",""population"":""524310"",""source:population"":""Census 2020"",""start_date"":""1947-03-15"",""wikidata"":""Q215175"",""wikipedia"":""ja:江東区""}"
722053207,"北区","Kita","きたく",35.7528821,139.7338331,city,"","","{""name"":""北区"",""name:ar"":""كيتا، طوكيو"",""name:de"":""Kita"",""name:en"":""Kita"",""name:es"":""Kita"",""name:fr"":""Kita"",""name:it"":""Kita"",""name:ja"":""北区"",""name:ja-Hira"":""きたく"",""name:ja-Latn"":""Kita-ku"",""name:ko"":""기타구"",""name:lt"":""Kita"",""name:pl"":""Kita"",""name:ru"":""Кита"",""name:th"":""เขตคิตะ"",""name:uk"":""Кіта"",""name:zh"":""北區"",""name:zh-Hant"":""北區"",""place"":""city"",""population"":""349573"",""population:date"":""2018"",""source:population"":""http://www.toukei.metro.tokyo.jp/jsuikei/js-index.htm"",""wikidata"":""Q235130"",""wikipedia"":""ja:北区 (東京都)""}"
771323155,"小平市","Kodaira","こだいらし",35.72522,139.476606,city,"","","{""name"":""小平市"",""name:ar"":""كودايرا، طوكيو"",""name:bg"":""Кодайра"",""name:de"":""Kodaira"",""name:en"":""Kodaira"",""name:eo"":""Kodaira"",""name:es"":""Kodaira"",""name:fa"":""کودائیرا، توکیو"",""name:fi"":""Kodaira"",""name:fr"":""Kodaira"",""name:gl"":""Kodaira"",""name:it"":""Kodaira"",""name:ja"":""小平市"",""name:ja_kana"":""こだいらし"",""name:ja_rm"":""Kodaira-shi"",""name:ko"":""고다이라시"",""name:lt"":""Kodaira"",""name:ms"":""Kodaira"",""name:mzn"":""کودائیرا، توکیو"",""name:pl"":""Kodaira"",""name:pt"":""Kodaira"",""name:ro"":""Kodaira, Tokyo"",""name:roa-rup"":""Kodaira"",""name:ru"":""Кодайра"",""name:sh"":""Kodaira"",""name:sr"":""Кодаира"",""name:tg"":""Кодаира"",""name:th"":""โคไดระ"",""name:tl"":""Kodaira, Tokyo"",""name:uk"":""Кодайра"",""name:vi"":""Kodaira, Tokyo"",""name:war"":""Kodaira, Tokyo"",""name:yue"":""小平市"",""name:zh"":""小平市"",""name:zh-Hant"":""小平市"",""place"":""city"",""population"":""191406"",""source:population"":""http://www.toukei.metro.tokyo.jp/jsuikei/js-index.htm"",""wikidata"":""Q213278"",""wikipedia"":""ja:小平市""}"
854693636,"三郷市","Misato","",35.8289993,139.8726811,city,"","","{""name"":""三郷市"",""name:ar"":""ميساتو"",""name:de"":""Misato"",""name:en"":""Misato"",""name:es"":""Misato"",""name:fr"":""Misato"",""name:ja"":""三郷市"",""name:ja_rm"":""Misato-shi"",""name:ko"":""미사토시"",""name:ru"":""Мисато"",""name:th"":""มิซาโตะ"",""name:uk"":""Місато"",""name:zh"":""三鄉市"",""name:zh-Hant"":""三鄉市"",""place"":""city"",""population"":""139903"",""population:date"":""2018"",""wikidata"":""Q853061"",""wikipedia"":""ja:三郷市""}"
863611983,"狭山市","Sayama","さやまし",35.8528971,139.4122999,city,"","","{""is_in:country"":""Japan"",""is_in:country_code"":""JP"",""name"":""狭山市"",""name:en"":""Sayama"",""name:fr"":""Sayama"",""name:ja"":""狭山市"",""name:ja_kana"":""さやまし"",""name:ja_rm"":""Sayama-shi"",""name:ko"":""사야마시"",""name:pl"":""Sayama"",""name:ru"":""Саяма"",""name:th"":""ซายามะ"",""name:uk"":""Саяма"",""name:zh"":""狹山市"",""name:zh-Hant"":""狹山市"",""place"":""city"",""population"":""152405"",""source:population"":""Census 2015"",""wikidata"":""Q824009"",""wikipedia"":""ja:狭山市""}"
863622554,"所沢市","Tokorozawa","ところざわし",35.7987179,139.4696758,city,"","","{""is_in:country"":""Japan"",""is_in:country_code"":""JP"",""is_in:region"":""東京都"",""name"":""所沢市"",""name:ar"":""توكوروزاوا، سايتاما"",""name:de"":""Tokorozawa"",""name:en"":""Tokorozawa"",""name:es"":""Tokorozawa"",""name:et"":""Tokorozawa"",""name:fr"":""Tokorozawa"",""name:ja"":""所沢市"",""name:ja_kana"":""ところざわし"",""name:ja_rm"":""Tokorozawa-shi"",""name:ko"":""도코로자와시"",""name:pl"":""Tokorozawa"",""name:ru"":""Токородзава"",""name:th"":""โทโกโรซาวะ"",""name:uk"":""Токородзава"",""name:zh"":""所澤市"",""name:zh-Hant"":""所澤市"",""place"":""city"",""population"":""341091"",""population:date"":""2018"",""wikidata"":""Q165857"",""wikipedia"":""ja:所沢市""}"
863647764,"入間市","Iruma","いるまし",35.8358142,139.3909293,city,"","","{""is_in:country"":""Japan"",""is_in:country_code"":""JP"",""name"":""入間市"",""name:ar"":""إروما، سايتاما"",""name:de"":""Iruma"",""name:en"":""Iruma"",""name:es"":""Iruma"",""name:fr"":""Iruma"",""name:ja"":""入間市"",""name:ja_kana"":""いるまし"",""name:ja_rm"":""Iruma-shi"",""name:ko"":""이루마시"",""name:pl"":""Iruma"",""name:ru"":""Ирума"",""name:th"":""อิรูมะ"",""name:uk"":""Ірума"",""name:zh"":""入間市"",""name:zh-Hant"":""入間市"",""place"":""city"",""population"":""147430"",""population:date"":""2018"",""wikidata"":""Q696925"",""wikipedia"":""ja:入間市""}"
863664907,"ふじみ野市","Fujimino","ふじみのし",35.8794749,139.5195441,city,"","","{""is_in:country"":""Japan"",""is_in:country_code"":""JP"",""name"":""ふじみ野市"",""name:en"":""Fujimino"",""name:fr"":""Fujimino"",""name:ja"":""ふじみ野市"",""name:ja_kana"":""ふじみのし"",""name:ja_rm"":""Fujimino-shi"",""name:ko"":""후지미노시"",""name:ru"":""Фудзимино"",""name:th"":""ฟูจิมิโนะ"",""name:uk"":""Фудзіміно"",""name:zh"":""富士見野市"",""name:zh-Hant"":""富士見野市"",""place"":""city"",""population"":""114218"",""wikidata"":""Q873590"",""wikipedia"":""ja:ふじみ野市""}"
863670497,"富士見市","Fujimi","ふじみし",35.8565545,139.5490731,city,"","","{""is_in:country"":""Japan"",""is_in:country_code"":""JP"",""name"":""富士見市"",""name:en"":""Fujimi"",""name:es"":""Fujimi"",""name:fr"":""Fujimi"",""name:ja"":""富士見市"",""name:ja_kana"":""ふじみし"",""name:ja_rm"":""Fujimi-shi"",""name:ko"":""후지미시"",""name:pl"":""Fujimi"",""name:ru"":""Фудзими"",""name:th"":""ฟูจิมิ"",""name:uk"":""Фудзімі"",""name:zh"":""富士見市"",""name:zh-Hant"":""富士見市"",""place"":""city"",""population"":""108102"",""source:population"":""Census 2015"",""wikidata"":""Q495809"",""wikipedia"":""ja:富士見市""}"
863684931,"志木市","Shiki","しきし",35.8373892,139.5795684,city,"","","{""is_in:country"":""Japan"",""is_in:country_code"":""JP"",""name"":""志木市"",""name:en"":""Shiki"",""name:es"":""Shiki"",""name:fr"":""Shiki"",""name:ja"":""志木市"",""name:ja_kana"":""しきし"",""name:ja_rm"":""Shiki-shi"",""name:ko"":""시키시"",""name:ru"":""Сики"",""name:th"":""ชิกิ"",""name:uk"":""Сікі"",""name:zh"":""志木市"",""name:zh-Hant"":""志木市"",""place"":""city"",""population"":""72676"",""source:population"":""Census 2015"",""wikidata"":""Q877202"",""wikipedia"":""ja:志木市""}"
864255936,"吉川市","Yoshikawa","よしかわし",35.8962831,139.854504,city,"","","{""name"":""吉川市"",""name:ar"":""يوشيكاوا، سايتاما"",""name:de"":""Yoshikawa"",""name:en"":""Yoshikawa"",""name:es"":""Yoshikawa"",""name:fr"":""Yoshikawa"",""name:ja"":""吉川市"",""name:ja-Hira"":""よしかわし"",""name:ja-Latn"":""Yoshikawa-shi"",""name:ko"":""요시카와시"",""name:pl"":""Yoshikawa"",""name:ru"":""Йосикава"",""name:th"":""โยชิกาวะ"",""name:uk"":""Йосікава"",""name:zh"":""吉川市"",""name:zh-Hant"":""吉川市"",""place"":""city"",""population"":""71979"",""source:population"":""Census 2020"",""wikidata"":""Q873546"",""wikipedia"":""ja:吉川市""}"
864255937,"草加市","Soka","そうかし",35.8262233,139.8061784,city,"","","{""is_in:country"":""Japan"",""is_in:country_code"":""JP"",""name"":""草加市"",""name:ar"":""سوكا، سايتاما"",""name:de"":""Sōka"",""name:en"":""Soka"",""name:es"":""Sōka"",""name:fr"":""Sōka"",""name:ja"":""草加市"",""name:ja-Hira"":""そうかし"",""name:ko"":""소카시"",""name:pl"":""Sōka"",""name:ru"":""Сока"",""name:th"":""โซกะ"",""name:uk"":""Сока"",""name:zh"":""草加市"",""name:zh-Hant"":""草加市"",""place"":""city"",""population"":""249455"",""population:date"":""2018"",""wikidata"":""Q734442"",""wikipedia"":""ja:草加市""}"
864255938,"八潮市","Yashio","",35.8226404,139.8386867,city,"","","{""is_in:country"":""Japan"",""is_in:country_code"":""JP"",""name"":""八潮市"",""name:ar"":""ياشيو، سايتاما"",""name:de"":""Yashio"",""name:en"":""Yashio"",""name:es"":""Yashio"",""name:fr"":""Yashio"",""name:ja"":""八潮市"",""name:ko"":""야시오시"",""name:pl"":""Yashio"",""name:ru"":""Ясио"",""name:th"":""ยาชิโอะ"",""name:uk"":""Ясіо"",""name:zh"":""八潮市"",""name:zh-Hant"":""八潮市"",""place"":""city"",""population"":""90017"",""population:date"":""2018"",""wikidata"":""Q869032"",""wikipedia"":""ja:八潮市""}"
864255939,"越谷市","Koshigaya","",35.8903993,139.7908633,city,"","","{""is_in:country"":""Japan"",""is_in:country_code"":""JP"",""name"":""越谷市"",""name:ar"":""كوشيغايا، سايتاما"",""name:de"":""Koshigaya"",""name:en"":""Koshigaya"",""name:es"":""Koshigaya"",""name:fr"":""Koshigaya"",""name:ja"":""越谷市"",""name:ko"":""고시가야시"",""name:pl"":""Koshigaya"",""name:ru"":""Косигая"",""name:th"":""โคชิงายะ"",""name:uk"":""Косіґая"",""name:zh"":""越谷市"",""name:zh-Hant"":""越谷市"",""place"":""city"",""population"":""342486"",""population:date"":""2018"",""wikidata"":""Q497952"",""wikipedia"":""ja:越谷市""}"
864262454,"川口市","Kawaguchi","かわぐちし",35.8078228,139.7241054,city,"","","{""is_in:country"":""Japan"",""is_in:country_code"":""JP"",""name"":""川口市"",""name:en"":""Kawaguchi"",""name:es"":""Kawaguchi"",""name:eu"":""Kawaguchi"",""name:fr"":""Kawaguchi"",""name:ja"":""川口市"",""name:ja_kana"":""かわぐちし"",""name:ja_rm"":""Kawaguchi-shi"",""name:ko"":""가와구치시"",""name:lt"":""Kavagučis"",""name:pl"":""Kawaguchi"",""name:ru"":""Кавагути"",""name:th"":""คาวางูจิ"",""name:uk"":""Каваґуті"",""name:zh"":""川口市"",""name:zh-Hant"":""川口市"",""place"":""city"",""population"":""578112"",""source:population"":""Census 2015"",""wikidata"":""Q387136"",""wikipedia"":""ja:川口市""}"
864262458,"戸田市","Toda","",35.8175874,139.6778944,city,"","","{""is_in:country"":""Japan"",""is_in:country_code"":""JP"",""name"":""戸田市"",""name:en"":""Toda"",""name:es"":""Toda"",""name:fr"":""Toda"",""name:ja"":""戸田市"",""name:ko"":""도다시"",""name:ru"":""Тода"",""name:th"":""โทดะ"",""name:uk"":""Тода"",""name:zh"":""戶田市"",""name:zh-Hant"":""戶田市"",""place"":""city"",""population"":""136150"",""source:population"":""Census 2015"",""wikidata"":""Q823874"",""wikipedia"":""ja:戸田市""}"
864262459,"蕨市","Warabi","",35.8263705,139.6791302,city,"","","{""is_in:country"":""Japan"",""is_in:country_code"":""JP"",""name"":""蕨市"",""name:en"":""Warabi"",""name:es"":""Warabi"",""name:fr"":""Warabi"",""name:ja"":""蕨市"",""name:ko"":""와라비시"",""name:ru"":""Вараби"",""name:th"":""วาราบิ"",""name:uk"":""Варабі"",""name:zh"":""蕨市"",""name:zh-Hant"":""蕨市"",""place"":""city"",""population"":""72260"",""source:population"":""Census 2015"",""wikidata"":""Q673010"",""wikipedia"":""ja:蕨市""}"
1042491447,"台東区","Taito","たいとうく",35.7125805,139.7800712,city,"","","{""name"":""台東区"",""name:ar"":""تايتو، طوكيو"",""name:de"":""Taitō"",""name:en"":""Taito"",""name:es"":""Taitō"",""name:fr"":""Taitō"",""name:it"":""Taito"",""name:ja"":""台東区"",""name:ja-Hira"":""たいとうく"",""name:ja-Latn"":""Taitō-ku"",""name:ko"":""다이토구"",""name:lt"":""Taitas"",""name:pl"":""Taitō"",""name:ru"":""Тайто"",""name:th"":""เขตไทโต"",""name:uk"":""Район Тайто"",""name:zh"":""臺東區"",""name:zh-Hant"":""臺東區"",""place"":""city"",""population"":""203893"",""population:date"":""2018"",""wikidata"":""Q232641"",""wikipedia"":""ja:台東区""}"
1042516435,"千代田区","Chiyoda","ちよだく",35.6938097,139.7532163,city,"","","{""name"":""千代田区"",""name:en"":""Chiyoda"",""name:es"":""Chiyoda"",""name:eu"":""Chiyoda"",""name:fr"":""Chiyoda"",""name:it"":""Chiyoda"",""name:ja"":""千代田区"",""name:ja-Hira"":""ちよだく"",""name:ja-Latn"":""Chiyoda-ku"",""name:ko"":""지요다구"",""name:lt"":""Čijoda"",""name:pl"":""Chiyoda"",""name:ru"":""Тиёда"",""name:th"":""เขตชิโยดะ"",""name:uk"":""Чійода"",""name:zh"":""千代田區"",""name:zh-Hans"":""千代田区"",""name:zh-Hant"":""千代田區"",""place"":""city"",""population"":""46397"",""postal_code"":""102-0000"",""wikidata"":""Q214051"",""wikipedia"":""ja:千代田区""}"
1054320920,"昭島市","Akishima","",35.7058081,139.3536109,city,"","","{""is_in:country"":""Japan"",""is_in:country_code"":""JP"",""name"":""昭島市"",""name:ar"":""أكيشيما، طوكيو"",""name:de"":""Akishima"",""name:en"":""Akishima"",""name:eo"":""Akiŝima"",""name:es"":""Akishima"",""name:et"":""Akishima"",""name:fa"":""آکیشیما، توکیو"",""name:fi"":""Akishima"",""name:fr"":""Akishima"",""name:gl"":""Akishima"",""name:it"":""Akishima"",""name:ja"":""昭島市"",""name:ja_rm"":""Akishima-shi"",""name:ko"":""아키시마시"",""name:lt"":""Akišima"",""name:ms"":""Akishima"",""name:mzn"":""آکیشیما، توکیو"",""name:nl"":""Akishima"",""name:pl"":""Akishima"",""name:pt"":""Akishima"",""name:roa-rup"":""Akishima"",""name:ru"":""Акисима"",""name:sh"":""Akišima"",""name:sr"":""Акишима"",""name:sv"":""Akishima"",""name:tg"":""Акишима"",""name:th"":""อากิชิมะ"",""name:uk"":""Акісіма"",""name:yue"":""昭島市"",""name:zh"":""昭島市"",""name:zh-Hant"":""昭島市"",""place"":""city"",""population"":""111482"",""source:population"":""http://www.toukei.metro.tokyo.jp/jsuikei/js-index.htm"",""wikidata"":""Q212494"",""wikipedia"":""en:Akishima, Tokyo""}"
1111454595,"中央区","Chuo","ちゅうおうく",35.6706436,139.7719923,city,"","","{""admin_level"":""7"",""name"":""中央区"",""name:ar"":""تشوأو، طوكيو"",""name:de"":""Chūō"",""name:en"":""Chuo"",""name:es"":""Chūō"",""name:fr"":""Chūō"",""name:it"":""Chūō"",""name:ja"":""中央区"",""name:ja-Hira"":""ちゅうおうく"",""name:ja-Latn"":""Chūō-ku"",""name:ko"":""주오구"",""name:lt"":""Čiūo"",""name:pl"":""Chūō"",""name:ru"":""Тюо"",""name:th"":""เขตชูโอ"",""name:uk"":""Тюо"",""name:zh"":""中央区"",""name:zh-Hans"":""中央区"",""name:zh-Hant"":""中央區"",""place"":""city"",""population"":""158508"",""population:date"":""2018"",""start_date"":""1947-05-03"",""wikidata"":""Q212704"",""wikipedia"":""ja:中央区 (東京都)""}"
1111454600,"荒川区","Arakawa","あらかわく",35.737529,139.78131,city,"","","{""name"":""荒川区"",""name:ar"":""أراكاوا، طوكيو"",""name:de"":""Arakawa"",""name:en"":""Arakawa"",""name:es"":""Arakawa"",""name:fr"":""Arakawa"",""name:it"":""Arakawa"",""name:ja"":""荒川区"",""name:ja-Hira"":""あらかわく"",""name:ja-Latn"":""Arakawa-ku"",""name:ko"":""아라카와구"",""name:lt"":""Arakava"",""name:pl"":""Arakawa"",""name:ru"":""Аракава"",""name:th"":""เขตอารากาวะ"",""name:uk"":""Аракава"",""name:zh"":""荒川區"",""name:zh-Hant"":""荒川區"",""place"":""city"",""population"":""216232"",""population:date"":""2018"",""wikidata"":""Q232624"",""wikipedia"":""ja:荒川区""}"
1111454606,"大田区","Ota","おおたく",35.561206,139.715843,city,"","","{""name"":""大田区"",""name:ar"":""أوتا، طوكيو"",""name:de"":""Ōta-ku"",""name:en"":""Ota"",""name:es"":""Ōta-ku"",""name:eu"":""Ota"",""name:fr"":""Arrondissement d'Ōta"",""name:it"":""Ota"",""name:ja"":""大田区"",""name:ja-Hira"":""おおたく"",""name:ja-Latn"":""Ōta-ku"",""name:ko"":""오타구"",""name:lt"":""Ota"",""name:pl"":""Ōta"",""name:ru"":""Ота"",""name:th"":""เขตโอตะ"",""name:uk"":""Ота"",""name:zh"":""大田區"",""name:zh-Hant"":""大田區"",""place"":""city"",""population"":""748081"",""source:population"":""Census 2020"",""start_date"":""1947-03-15"",""wikidata"":""Q217234"",""wikipedia"":""ja:大田区""}"
1111454619,"足立区","Adachi","あだちく",35.7746029,139.8045163,city,"","","{""name"":""足立区"",""name:ar"":""أداتشي، طوكيو"",""name:de"":""Adachi"",""name:en"":""Adachi"",""name:es"":""Adachi"",""name:fr"":""Adachi"",""name:it"":""Adachi"",""name:ja"":""足立区"",""name:ja-Hira"":""あだちく"",""name:ja-Latn"":""Adachi-ku"",""name:ko"":""아다치구"",""name:lt"":""Adačis"",""name:pl"":""Adachi"",""name:ru"":""Адати"",""name:th"":""เขตอาดาจิ"",""name:uk"":""Адаті"",""name:zh"":""足立區"",""name:zh-Hant"":""足立區"",""place"":""city"",""population"":""695043"",""source:population"":""Census 2020"",""wikidata"":""Q213464"",""wikipedia"":""ja:足立区""}"
1111454640,"港区","Minato","みなとく",35.6580089,139.7515137,city,"","","{""admin_level"":""7"",""name"":""港区"",""name:ar"":""ميناتو، طوكيو"",""name:de"":""Minato"",""name:en"":""Minato"",""name:es"":""Minato"",""name:fr"":""Minato"",""name:it"":""Minato"",""name:ja"":""港区"",""name:ja-Hira"":""みなとく"",""name:ja-Latn"":""Minato-ku"",""name:ko"":""미나토구"",""name:lt"":""Minatas"",""name:pl"":""Minato"",""name:ru"":""Минато"",""name:th"":""เขตมินาโตะ"",""name:uk"":""Мінато"",""name:zh"":""港區"",""name:zh-Hans"":""港区"",""name:zh-Hant"":""港區"",""place"":""city"",""population"":""254699"",""population:date"":""2018"",""start_date"":""1947-05-03"",""wikidata"":""Q190088"",""wikimedia_commons"":""Category:Minato, Tokyo"",""wikipedia"":""ja:港区 (東京都)""}"
1111454647,"世田谷区","Setagaya","せたがやく",35.6469025,139.652531,city,"","","{""admin_level"":""8"",""name"":""世田谷区"",""name:ar"":""سيتاغايا، طوكيو"",""name:ca"":""Setagaya"",""name:de"":""Setagaya"",""name:en"":""Setagaya"",""name:es"":""Setagaya"",""name:et"":""Setagaya"",""name:eu"":""Setagaya"",""name:fa"":""ستاگایا، توکیو"",""name:fi"":""Setagaya"",""name:fr"":""Setagaya"",""name:gl"":""Setagaya"",""name:ht"":""Setagaya"",""name:it"":""Setagaya"",""name:ja"":""世田谷区"",""name:ja-Hira"":""せたがやく"",""name:ja-Latn"":""Setagaya-ku"",""name:ko"":""세타가야구"",""name:lt"":""Setagaja"",""name:ms"":""Setagaya"",""name:nl"":""Setagaya"",""name:no"":""Setagaya"",""name:pl"":""Setagaya"",""name:pt"":""Setagaya"",""name:ru"":""Сэтагая"",""name:sv"":""Setagaya"",""name:th"":""เขตเซตางายะ"",""name:uk"":""Сетаґая"",""name:zh"":""世田谷區"",""name:zh-Hant"":""世田谷區"",""place"":""city"",""population"":""943664"",""source:population"":""Census 2020"",""wikidata"":""Q231645"",""wikipedia"":""ja:世田谷区""}"
1111454665,"品川区","Shinagawa","しながわく",35.6092008,139.7301982,city,"","","{""admin_level"":""7"",""name"":""品川区"",""name:ar"":""شيناغاوا، طوكيو"",""name:de"":""Shinagawa"",""name:en"":""Shinagawa"",""name:es"":""Shinagawa"",""name:eu"":""Shinagawa"",""name:fr"":""Shinagawa"",""name:it"":""Shinagawa"",""name:ja"":""品川区"",""name:ja-Hira"":""しながわく"",""name:ja-Latn"":""Shinagawa-ku"",""name:ko"":""시나가와구"",""name:pl"":""Shinagawa"",""name:ru"":""Синагава"",""name:th"":""เขตชินางาวะ"",""name:uk"":""Сінаґава"",""name:zh"":""品川區"",""name:zh-Hant"":""品川區"",""place"":""city"",""population"":""422488"",""source:population"":""Census 2020"",""wikidata"":""Q233495"",""wikipedia"":""ja:品川区""}"
1438867377,"渋谷区","Shibuya","しぶやく",35.6633709,139.6964952,city,"","","{""name"":""渋谷区"",""name:ar"":""شيبويا، طوكيو"",""name:de"":""Shibuya"",""name:en"":""Shibuya"",""name:es"":""Shibuya"",""name:eu"":""Shibuya"",""name:fr"":""Shibuya"",""name:it"":""Shibuya"",""name:ja"":""渋谷区"",""name:ja-Hira"":""しぶやく"",""name:ja-Latn"":""Shibuya-ku"",""name:ko"":""시부야구"",""name:pl"":""Shibuya"",""name:ru"":""Сибуя"",""name:th"":""เขตชิบูยะ"",""name:uk"":""Сібуя"",""name:zh"":""涩谷区"",""name:zh-Hans"":""涩谷区"",""name:zh-Hant"":""澀谷區"",""place"":""city"",""population"":""230707"",""population:date"":""2018"",""source:population"":""http://www.toukei.metro.tokyo.jp/jsuikei/js-index.htm"",""wikidata"":""Q193638"",""wikipedia"":""ja:渋谷区""}"
1440311172,"立川市","Tachikawa","たちかわし",35.7139057,139.4077701,city,"","","{""is_in:country"":""Japan"",""is_in:country_code"":""JP"",""name"":""立川市"",""name:ar"":""تاتشيكاوا، طوكيو"",""name:de"":""Tachikawa"",""name:en"":""Tachikawa"",""name:es"":""Tachikawa"",""name:fr"":""Tachikawa"",""name:ja"":""立川市"",""name:ja_kana"":""たちかわし"",""name:ja_rm"":""Tachikawa-shi"",""name:ko"":""다치카와시"",""name:pl"":""Tachikawa"",""name:ru"":""Татикава"",""name:th"":""ทาจิกาวะ"",""name:uk"":""Татікава"",""name:zh"":""立川市"",""name:zh-Hant"":""立川市"",""place"":""city"",""population"":""179575"",""population:date"":""2018"",""source:population"":""http://www.toukei.metro.tokyo.jp/jsuikei/js-index.htm"",""website"":""https://www.city.tachikawa.lg.jp/"",""wikidata"":""Q269634"",""wikipedia"":""ja:立川市""}"
1440354068,"青梅市","Ome","おうめし",35.7880531,139.2753553,city,"","","{""name"":""青梅市"",""name:ar"":""أومه، طوكيو"",""name:bg"":""Оме"",""name:de"":""Ōme"",""name:en"":""Ome"",""name:eo"":""Ome"",""name:es"":""Ōme"",""name:fa"":""اومه، توکیو"",""name:fi"":""Ōme"",""name:fr"":""Ōme"",""name:gl"":""Ōme"",""name:it"":""Ōme"",""name:ja-Hira"":""おうめし"",""name:ja-Latn"":""Ōme-shi"",""name:ko"":""오메시"",""name:lt"":""Omė"",""name:ms"":""Ome"",""name:mzn"":""اومه، توکیو"",""name:nl"":""Ome"",""name:pl"":""Ōme"",""name:pt"":""Ome"",""name:roa-rup"":""Ōme"",""name:ru"":""Оме"",""name:sh"":""Ome"",""name:sr"":""Оме"",""name:tg"":""Оме"",""name:th"":""โอเมะ"",""name:uk"":""Оме"",""name:yue"":""青梅市"",""name:zh"":""青梅市"",""name:zh-Hant"":""青梅市"",""place"":""city"",""population"":""136581"",""source:population"":""http://www.toukei.metro.tokyo.jp/jsuikei/js-index.htm"",""start_date"":""1951-04-01"",""wikidata"":""Q237683"",""wikimedia_commons"":""Category:Ōme, Tokyo"",""wikipedia"":""ja:青梅市""}"
1513641959,"武蔵村山市","Musashimurayama","むさしむらやまし",35.756509,139.385637,city,"","","{""is_in:country"":""Japan"",""is_in:country_code"":""JP"",""name"":""武蔵村山市"",""name:en"":""Musashimurayama"",""name:it"":""Musashimurayama"",""name:ja"":""武蔵村山市"",""name:ja-Hira"":""むさしむらやまし"",""name:ja-Latn"":""Musashimurayama-shi"",""name:ko"":""무사시무라야마시"",""name:lt"":""Musašimurajama"",""name:pl"":""Musashimurayama"",""name:ru"":""Мусасимураяма"",""name:th"":""มูซาชิมูรายามะ"",""name:uk"":""Мусасі-Мураяма"",""name:zh"":""武藏村山市"",""name:zh-Hant"":""武藏村山市"",""place"":""city"",""population"":""71419"",""source:population"":""http://www.toukei.metro.tokyo.jp/jsuikei/js-index.htm"",""wikidata"":""Q390806"",""wikipedia"":""ja:武蔵村山市""}"
1513663376,"あきる野市","Akiruno","あきるのし",35.7289031,139.2941912,city,"","","{""is_in:country"":""Japan"",""is_in:country_code"":""JP"",""name"":""あきる野市"",""name:ar"":""أكيرونو، طوكيو"",""name:de"":""Akiruno"",""name:en"":""Akiruno"",""name:eo"":""Akiruno"",""name:es"":""Akiruno"",""name:et"":""Akiruno"",""name:fa"":""آکیرونو، توکیو"",""name:fi"":""Akiruno"",""name:fr"":""Akiruno"",""name:gl"":""Akiruno"",""name:it"":""Akiruno"",""name:ja"":""あきる野市"",""name:ja_kana"":""あきるのし"",""name:ja_rm"":""Akiruno-shi"",""name:ko"":""아키루노시"",""name:lt"":""Akirunas"",""name:ms"":""Akiruno"",""name:mzn"":""آکیرونو، توکیو"",""name:nl"":""Akiruno"",""name:pl"":""Akiruno"",""name:pt"":""Akiruno"",""name:ro"":""Akiruno, Tokyo"",""name:roa-rup"":""Akiruno"",""name:ru"":""Акируно"",""name:sv"":""Akiruno"",""name:tg"":""Акируно"",""name:th"":""อากิรูโนะ"",""name:tl"":""Akiruno, Tokyo"",""name:uk"":""Акіруно"",""name:vi"":""Akiruno, Tokyo"",""name:war"":""Akiruno, Tokyo"",""name:yue"":""秋留野市"",""name:zh"":""秋留野市"",""name:zh-Hant"":""秋留野市"",""place"":""city"",""population"":""80787"",""source:population"":""http://www.toukei.metro.tokyo.jp/jsuikei/js-index.htm"",""wikidata"":""Q240480"",""wikipedia"":""ja:あきる野市""}"
1513663390,"福生市","Fussa","",35.7386772,139.3267856,city,"","","{""is_in:country"":""Japan"",""is_in:country_code"":""JP"",""name"":""福生市"",""name:ar"":""فوسا، طوكيو"",""name:de"":""Fussa"",""name:en"":""Fussa"",""name:eo"":""Fussa"",""name:es"":""Fussa"",""name:fa"":""فوسا، توکیو"",""name:fi"":""Fussa"",""name:fr"":""Fussa"",""name:gl"":""Fussa"",""name:it"":""Fussa"",""name:ja"":""福生市"",""name:ja_rm"":""Fussa-shi"",""name:ko"":""훗사시"",""name:lt"":""Fusa"",""name:ms"":""Fussa"",""name:mzn"":""فوسا، توکیو"",""name:nl"":""Fussa"",""name:pl"":""Fussa"",""name:pt"":""Fussa"",""name:roa-rup"":""Fussa"",""name:ru"":""Фусса"",""name:tg"":""Фусса"",""name:th"":""ฟุซซะ"",""name:uk"":""Фусса"",""name:yue"":""福生市"",""name:zh"":""福生市"",""name:zh-Hant"":""福生市"",""place"":""city"",""population"":""58444"",""website"":""http://www.city.fussa.tokyo.jp/"",""wikidata"":""Q317813"",""wikipedia"":""en:Fussa, Tokyo""}"
1513663393,"羽村市","Hamura","",35.764833,139.307862,city,"","","{""is_in:country"":""Japan"",""is_in:country_code"":""JP"",""name"":""羽村市"",""name:ar"":""هامورا، طوكيو"",""name:de"":""Hamura"",""name:en"":""Hamura"",""name:eo"":""Hamura"",""name:es"":""Hamura"",""name:fa"":""هامورا، توکیو"",""name:fi"":""Hamura"",""name:fr"":""Hamura"",""name:gl"":""Hamura"",""name:it"":""Hamura"",""name:ja"":""羽村市"",""name:ja_rm"":""Hamura-shi"",""name:ko"":""하무라시"",""name:lt"":""Hamura"",""name:ms"":""Hamura"",""name:mzn"":""هامورا، توکیو"",""name:nl"":""Hamura"",""name:pl"":""Hamura"",""name:pt"":""Hamura"",""name:roa-rup"":""Hamura"",""name:ru"":""Хамура"",""name:sv"":""Hamura"",""name:tg"":""Ҳамура"",""name:th"":""ฮามูระ"",""name:uk"":""Хамура"",""name:zh"":""羽村市"",""name:zh-Hant"":""羽村市"",""place"":""city"",""population"":""55434"",""wikidata"":""Q270465"",""wikipedia"":""en:Hamura, Tokyo""}"
1598836214,"上野原市","Uenohara","うえのはらし",35.6300982,139.1086417,city,"","","{""name"":""上野原市"",""name:ar"":""يوينوهورا، ياماناشي"",""name:de"":""Uenohara"",""name:en"":""Uenohara"",""name:es"":""Uenohara"",""name:fr"":""Uenohara"",""name:ja"":""上野原市"",""name:ja-Hira"":""うえのはらし"",""name:ja-Latn"":""Uenohara-shi"",""name:ko"":""우에노하라시"",""name:pl"":""Uenohara"",""name:ru"":""Уэнохара"",""name:th"":""อูเอโนฮาระ"",""name:uk"":""Уенохара"",""name:zh"":""上野原市"",""name:zh-Hant"":""上野原市"",""place"":""city"",""population"":""22669"",""source:population"":""Census 2020"",""start_date"":""2005-02-13"",""wikidata"":""Q851030"",""wikipedia"":""ja:上野原市""}"
1619811558,"小金井市","Koganei","こがねいし",35.7041083,139.5106759,city,"","","{""name"":""小金井市"",""name:ar"":""كوغانه، طوكيو"",""name:de"":""Koganei"",""name:en"":""Koganei"",""name:eo"":""Koganei"",""name:es"":""Koganei"",""name:fa"":""کوگانی، توکیو"",""name:fi"":""Koganei"",""name:fr"":""Koganei"",""name:gl"":""Koganei"",""name:it"":""Koganei"",""name:ja"":""小金井市"",""name:ja_kana"":""こがねいし"",""name:ja_rm"":""Koganei-shi"",""name:ko"":""고가네이시"",""name:lt"":""Koganėjus"",""name:ms"":""Koganei"",""name:mzn"":""کوگانه‌ای، توکیو"",""name:pl"":""Koganei"",""name:pt"":""Koganei"",""name:roa-rup"":""Koganei"",""name:ru"":""Коганеи"",""name:sh"":""Koganei"",""name:sr"":""Коганеј"",""name:tg"":""Коганеи"",""name:th"":""โคงาเนอิ"",""name:uk"":""Коґаней"",""name:yue"":""小金井市"",""name:zh"":""小金井市"",""name:zh-Hant"":""小金井市"",""place"":""city"",""population"":""122977"",""source:population"":""http://www.toukei.metro.tokyo.jp/jsuikei/js-index.htm"",""wikidata"":""Q242874"",""wikipedia"":""en:Koganei, Tokyo""}"
1673414219,"東久留米市","Higashikurume","ひがしくるめし",35.752546,139.519089,city,"","","{""is_in:country"":""Japan"",""is_in:country_code"":""JP"",""name"":""東久留米市"",""name:ar"":""هيغاشيكورومه، طوكيو"",""name:de"":""Higashikurume"",""name:en"":""Higashikurume"",""name:es"":""Higashikurume"",""name:fa"":""هیگاشی‌کورومه، توکیو"",""name:fi"":""Higashikurume"",""name:fr"":""Higashikurume"",""name:gl"":""Higashikurume"",""name:it"":""Higashikurume"",""name:ja"":""東久留米市"",""name:ja_kana"":""ひがしくるめし"",""name:ja_rm"":""Higashikurume-shi"",""name:ko"":""히가시쿠루메시"",""name:lt"":""Higašikurumė"",""name:ms"":""Higashikurume"",""name:mzn"":""هیگاشی‌کورومه، توکیو"",""name:pl"":""Higashikurume"",""name:pt"":""Higashikurume"",""name:roa-rup"":""Higashikurume"",""name:ru"":""Хигасикуруме"",""name:sh"":""Higašikurume"",""name:sr"":""Хигашикуруме"",""name:tg"":""Ҳигашикуруме"",""name:th"":""ฮิงาชิกูรูเมะ"",""name:tl"":""Higasyikurume, Tokyo"",""name:uk"":""Хіґасі-Куруме"",""name:yue"":""東久留米市"",""name:zh"":""東久留米市"",""name:zh-Hant"":""東久留米市"",""place"":""city"",""population"":""116566"",""source:population"":""http://www.toukei.metro.tokyo.jp/jsuikei/js-index.htm"",""wikidata"":""Q317830"",""wikipedia"":""en:Higashikurume, Tokyo""}"
1673414230,"東村山市","Higashimurayama","",35.768929,139.484539,city,"","","{""is_in:country"":""Japan"",""is_in:country_code"":""JP"",""name"":""東村山市"",""name:ar"":""هيغاشيموراياما، طوكيو"",""name:bg"":""Хигашимураяма"",""name:de"":""Higashimurayama"",""name:en"":""Higashimurayama"",""name:es"":""Higashimurayama"",""name:et"":""Higashimurayama"",""name:fa"":""هیگاشی‌مورایاما، توکیو"",""name:fi"":""Higashimurayama"",""name:fr"":""Higashimurayama"",""name:gl"":""Higashimurayama"",""name:it"":""Higashimurayama"",""name:ja"":""東村山市"",""name:ko"":""히가시무라야마시"",""name:lt"":""Higašimurajama"",""name:ms"":""Higashimurayama"",""name:mzn"":""هیگاشی‌مورایاما، توکیو"",""name:pl"":""Higashimurayama"",""name:pt"":""Higashimurayama"",""name:roa-rup"":""Higashimurayama"",""name:ru"":""Хигасимураяма"",""name:sh"":""Higašimurajama"",""name:sr"":""Хигашимурајама"",""name:tg"":""Ҳигашимураяма"",""name:th"":""ฮิงาชิมูรายามะ"",""name:tl"":""Higasyimurayama, Tokyo"",""name:uk"":""Хіґасі-Мураяма"",""name:yue"":""東村山市"",""name:zh"":""東村山市"",""name:zh-Hant"":""東村山市"",""place"":""city"",""population"":""150116"",""source:population"":""http://www.toukei.metro.tokyo.jp/jsuikei/js-index.htm"",""wikidata"":""Q240489"",""wikipedia"":""en:Higashimurayama, Tokyo""}"
1673414233,"清瀬市","Kiyose","きよせし",35.785483,139.531253,city,"","","{""name"":""清瀬市"",""name:ar"":""كيوسه، طوكيو"",""name:de"":""Kiyose"",""name:en"":""Kiyose"",""name:eo"":""Kijose"",""name:es"":""Kiyose"",""name:fa"":""کیوسه، توکیو"",""name:fi"":""Kiyose"",""name:fr"":""Kiyose"",""name:gl"":""Kiyose"",""name:it"":""Kiyose"",""name:ja"":""清瀬市"",""name:ja-Hira"":""きよせし"",""name:ja-Latn"":""Kiyose-shi"",""name:ko"":""기요세시"",""name:lt"":""Kijosė"",""name:ms"":""Kiyose"",""name:mzn"":""کیوسه، توکیو"",""name:pl"":""Kiyose"",""name:pt"":""Kiyose"",""name:roa-rup"":""Kiyose"",""name:ru"":""Киёсе"",""name:tg"":""Киёсе"",""name:th"":""คิโยเซะ"",""name:uk"":""Кійосе"",""name:yue"":""清瀨市"",""name:zh"":""清瀨市"",""name:zh-Hant"":""清瀨市"",""place"":""city"",""population"":""75072"",""source:population"":""http://www.toukei.metro.tokyo.jp/jsuikei/js-index.htm"",""start_date"":""1970-10-01"",""wikidata"":""Q329754"",""wikipedia"":""en:Kiyose, Tokyo""}"
1717099673,"東大和市","Higashiyamato","ひがしやまとし",35.740869,139.428831,city,"","","{""is_in:country"":""Japan"",""is_in:country_code"":""JP"",""name"":""東大和市"",""name:ar"":""هيغاشي ياماتو، طوكيو"",""name:de"":""Higashiyamato"",""name:en"":""Higashiyamato"",""name:es"":""Higashiyamato"",""name:fa"":""هیگاشی‌یاماتو، توکیو"",""name:fi"":""Higashiyamato"",""name:fr"":""Higashiyamato"",""name:gl"":""Higashiyamato"",""name:it"":""Higashiyamato"",""name:ja"":""東大和市"",""name:ja_kana"":""ひがしやまとし"",""name:ja_rm"":""Higashiyamato-shi"",""name:ko"":""히가시야마토시"",""name:lt"":""Higašijamatas"",""name:ms"":""Higashiyamato"",""name:mzn"":""هیگاشی‌یاماتو، توکیو"",""name:pl"":""Higashiyamato"",""name:pt"":""Higashi-yamato"",""name:roa-rup"":""Higashiyamato"",""name:ru"":""Хигасиямато"",""name:tg"":""Ҳигашиямато"",""name:th"":""ฮิงาชิยามาโตะ"",""name:tl"":""Higasyiyamato, Tokyo"",""name:uk"":""Хіґасі-Ямато"",""name:yue"":""東大和市"",""name:zh"":""東大和市"",""name:zh-Hant"":""東大和市"",""place"":""city"",""population"":""84876"",""source:population"":""http://www.toukei.metro.tokyo.jp/jsuikei/js-index.htm"",""wikidata"":""Q390788"",""wikipedia"":""en:Higashiyamato, Tokyo""}"
1933981790,"川崎市","Kawasaki","かわさきし",35.5306639,139.7037668,city,"","","{""name"":""川崎市"",""name:bn"":""কাওয়াসাকি"",""name:de"":""Kawasaki"",""name:en"":""Kawasaki"",""name:es"":""Kawasaki"",""name:et"":""Kawasaki"",""name:eu"":""Kawasaki"",""name:fr"":""Kawasaki"",""name:it"":""Kawasaki"",""name:ja"":""川崎市"",""name:ja-Hira"":""かわさきし"",""name:ja-Latn"":""Kawasaki-shi"",""name:ko"":""가와사키시"",""name:oc"":""Kawasaki"",""name:pl"":""Kawasaki"",""name:ru"":""Кавасаки"",""name:sr"":""Кавасаки"",""name:th"":""คาวาซากิ"",""name:uk"":""Кавасакі"",""name:zh"":""川崎市"",""name:zh-Hant"":""川崎市"",""place"":""city"",""population"":""1538262"",""source:name:oc"":""Lo Congrès"",""source:population"":""Census 2020"",""start_date"":""1924-07-01"",""wikidata"":""Q164234"",""wikimedia_commons"":""Category:Kawasaki, Kanagawa"",""wikipedia"":""ja:川崎市""}"
2039121337,"西東京市","Nishitokyo","にしとうきょうし",35.7261366,139.5380347,city,"","","{""name"":""西東京市"",""name:ar"":""نيشي طوكيو، طوكيو"",""name:de"":""Nishitōkyō"",""name:en"":""Nishitokyo"",""name:es"":""Nishitōkyō"",""name:fr"":""Nishitōkyō"",""name:ja"":""西東京市"",""name:ja_kana"":""にしとうきょうし"",""name:ja_rm"":""Nishitokyo-shi"",""name:ko"":""니시토쿄시"",""name:lt"":""Nišitokijas"",""name:pl"":""Nishitōkyō"",""name:ru"":""Ниситокё"",""name:th"":""นิชิโตเกียว"",""name:uk"":""Нісі-Токьо"",""name:zh"":""西東京市"",""name:zh-Hant"":""西東京市"",""place"":""city"",""population"":""202435"",""population:date"":""2018"",""source:population"":""http://www.toukei.metro.tokyo.jp/jsuikei/js-index.htm"",""wikidata"":""Q242882"",""wikipedia"":""en:Nishitōkyō""}"
2098146352,"市川市","Ichikawa","いちかわし",35.721634,139.9309444,city,"","","{""name"":""市川市"",""name:ar"":""ايشيكاوا تشيبا"",""name:de"":""Ichikawa"",""name:en"":""Ichikawa"",""name:es"":""Ichikawa"",""name:fr"":""Ichikawa"",""name:ja"":""市川市"",""name:ja-Hira"":""いちかわし"",""name:ja-Latn"":""Ichikawa-shi"",""name:ko"":""이치카와시"",""name:pl"":""Ichikawa"",""name:ru"":""Итикава"",""name:th"":""อิจิกาวะ"",""name:uk"":""Ітікава"",""name:zh"":""市川市"",""name:zh-Hant"":""市川市"",""note:ja"":""国土数値情報（行政区画）平成24年 国土交通省"",""place"":""city"",""population"":""496676"",""source"":""KSJ2/NO3"",""source:population"":""Census 2020"",""source_ref"":""http://wiki.openstreetmap.org/wiki/Import/Catalogue/Japan_KSJ2_Import"",""start_date"":""1934-11-03"",""website"":""https://www.city.ichikawa.lg.jp"",""wikidata"":""Q209785"",""wikipedia"":""ja:市川市""}"
2098183361,"松戸市","Matsudo","まつどし",35.787267,139.9049043,city,"","","{""is_in:country"":""Japan"",""is_in:country_code"":""JP"",""is_in:prefecture"":""千葉県"",""name"":""松戸市"",""name:en"":""Matsudo"",""name:es"":""Matsudo"",""name:fr"":""Matsudo"",""name:ja"":""松戸市"",""name:ja_kana"":""まつどし"",""name:ja_rm"":""Matsudo-shi"",""name:ko"":""마쓰도시"",""name:pl"":""Matsudo"",""name:ru"":""Мацудо"",""name:th"":""มัตสึโดะ"",""name:uk"":""Мацудо"",""name:zh"":""松戶市"",""name:zh-Hant"":""松戶市"",""note:ja"":""国土数値情報（行政区画）平成24年 国土交通省"",""place"":""city"",""population"":""483480"",""source"":""KSJ2/NO3"",""source:population"":""Census 2015"",""source_ref"":""http://wiki.openstreetmap.org/wiki/Import/Catalogue/Japan_KSJ2_Import"",""website"":""https://www.city.matsudo.chiba.jp/"",""wikidata"":""Q320943"",""wikipedia"":""ja:松戸市""}"
2098183362,"柏市","Kashiwa","かしわし",35.8676218,139.9756876,city,"","","{""is_in:country"":""Japan"",""is_in:country_code"":""JP"",""is_in:prefecture"":""千葉県"",""name"":""柏市"",""name:ar"":""كاشيوا، تشيبا"",""name:de"":""Kashiwa"",""name:en"":""Kashiwa"",""name:es"":""Kashiwa"",""name:fr"":""Kashiwa"",""name:ja"":""柏市"",""name:ja_kana"":""かしわし"",""name:ja_rm"":""Kashiwa-shi"",""name:ko"":""가시와시"",""name:pl"":""Kashiwa"",""name:ro"":""Kashiwa"",""name:ru"":""Касива"",""name:th"":""คาชิวะ"",""name:uk"":""Касіва"",""name:zh"":""柏市"",""name:zh-Hant"":""柏市"",""note:ja"":""国土数値情報（行政区画）平成24年　国土交通省"",""place"":""city"",""population"":""422385"",""population:date"":""2018"",""source"":""KSJ2/NO3"",""source_ref"":""http://wiki.openstreetmap.org/wiki/Import/Catalogue/Japan_KSJ2_Import"",""website"":""https://www.city.kashiwa.lg.jp/"",""wikidata"":""Q319743"",""wikipedia"":""ja:柏市""}"
2098183365,"流山市","Nagareyama","ながれやまし",35.8555836,139.9027815,city,"","","{""is_in:country"":""Japan"",""is_in:country_code"":""JP"",""is_in:prefecture"":""千葉県"",""name"":""流山市"",""name:ar"":""ناغاره ياما، تشيبا"",""name:de"":""Nagareyama"",""name:en"":""Nagareyama"",""name:es"":""Nagareyama"",""name:fr"":""Nagareyama"",""name:ja"":""流山市"",""name:ja_kana"":""ながれやまし"",""name:ja_rm"":""Nagareyama-shi"",""name:ko"":""나가레야마시"",""name:pl"":""Nagareyama"",""name:ru"":""Нагареяма"",""name:th"":""นางาเรยามะ"",""name:uk"":""Наґареяма"",""name:zh"":""流山市"",""name:zh-Hant"":""流山市"",""note:ja"":""国土数値情報（行政区画）平成24年 国土交通省"",""place"":""city"",""population"":""186863"",""population:date"":""2018"",""source"":""KSJ2/NO3"",""source_ref"":""http://wiki.openstreetmap.org/wiki/Import/Catalogue/Japan_KSJ2_Import"",""website"":""https://www.city.nagareyama.chiba.jp/"",""wikidata"":""Q328625"",""wikipedia"":""ja:流山市""}"
2098183459,"船橋市","Funabashi","ふなばしし",35.6945993,139.9825365,city,"","","{""name"":""船橋市"",""name:ar"":""فوناباشي، تشيبا"",""name:de"":""Funabashi"",""name:en"":""Funabashi"",""name:es"":""Funabashi"",""name:fr"":""Funabashi"",""name:ja"":""船橋市"",""name:ja-Hira"":""ふなばしし"",""name:ja-Latn"":""Funabashi-shi"",""name:ko"":""후나바시시"",""name:pl"":""Funabashi"",""name:ru"":""Фунабаси"",""name:th"":""ฟูนาบาชิ"",""name:uk"":""Фунабасі"",""name:zh"":""船橋市"",""name:zh-Hant"":""船橋市"",""note:ja"":""国土数値情報（行政区画）平成24年 国土交通省"",""place"":""city"",""population"":""633263"",""population:date"":""2018"",""postal_code"":""273-8501"",""source"":""KSJ2/NO3"",""source_ref"":""http://wiki.openstreetmap.org/wiki/Import/Catalogue/Japan_KSJ2_Import"",""start_date"":""1937-04-01"",""website"":""http://www.city.funabashi.chiba.jp/"",""wikidata"":""Q271417"",""wikipedia"":""ja:船橋市""}"
2115186710,"相模原市","Sagamihara","さがみはらし",35.5714621,139.3731052,city,"","","{""is_in:prefecture"":""神奈川県"",""name"":""相模原市"",""name:ar"":""ساغاميهارا، كاناغاوا"",""name:de"":""Sagamihara"",""name:en"":""Sagamihara"",""name:es"":""Sagamihara"",""name:et"":""Sagamihara"",""name:fr"":""Sagamihara"",""name:ja"":""相模原市"",""name:ja-Hira"":""さがみはらし"",""name:ja-Latn"":""Sagamihara-shi"",""name:ko"":""사가미하라시"",""name:pl"":""Sagamihara"",""name:ru"":""Сагамихара"",""name:sv"":""Sagamihara"",""name:th"":""ซางามิฮาระ"",""name:uk"":""Саґаміхара"",""name:zh"":""相模原市"",""name:zh-Hant"":""相模原市"",""place"":""city"",""population"":""725493"",""source"":""KSJ2/NO3"",""source:population"":""Census 2020"",""source_ref"":""http://wiki.openstreetmap.org/wiki/Import/Catalogue/Japan_KSJ2_Import"",""wikidata"":""Q209779"",""wikipedia"":""ja:相模原市""}"
2389061853,"新宿区","Shinjuku","しんじゅくく",35.6937632,139.7036319,city,"","","{""capital"":""4"",""name"":""新宿区"",""name:cs"":""Šindžuku"",""name:en"":""Shinjuku"",""name:es"":""Shinjuku"",""name:fr"":""Arrondissement de Shinjuku"",""name:hr"":""Shinjuku"",""name:it"":""Shinjuku"",""name:ja"":""新宿区"",""name:ja-Hira"":""しんじゅくく"",""name:ja-Latn"":""Shinjuku-ku"",""name:ko"":""신주쿠구"",""name:mr"":""शिंजुकू"",""name:pl"":""Shinjuku"",""name:ru"":""Синдзюку"",""name:th"":""เขตชินจูกุ"",""name:uk"":""Сіндзюку"",""name:zh"":""新宿区/新宿區"",""name:zh-Hans"":""新宿区"",""name:zh-Hant"":""新宿區"",""place"":""city"",""population"":""349385"",""postal_code"":""160-8484"",""source:population"":""Census 2020"",""wikidata"":""Q179645"",""wikipedia"":""ja:新宿区""}"
2900447873,"浦安市","Urayasu","うらやすし",35.6539105,139.902563,city,"","","{""is_in:country"":""Japan"",""is_in:country_code"":""JP"",""is_in:prefecture"":""千葉県"",""name"":""浦安市"",""name:en"":""Urayasu"",""name:es"":""Urayasu"",""name:eu"":""Urayasu"",""name:fr"":""Urayasu"",""name:ja"":""浦安市"",""name:ja_kana"":""うらやすし"",""name:ja_rm"":""Urayasu-shi"",""name:ko"":""우라야스시"",""name:pl"":""Urayasu"",""name:ru"":""Ураясу"",""name:th"":""อูรายาซุ"",""name:uk"":""Ураясу"",""name:zh"":""浦安市"",""name:zh-Hant"":""浦安市"",""note:ja"":""国土数値情報（行政区画）平成24年　国土交通省"",""place"":""city"",""population"":""164024"",""source"":""KSJ2/NO3"",""source:population"":""Census 2015"",""source_ref"":""http://wiki.openstreetmap.org/wiki/Import/Catalogue/Japan_KSJ2_Import"",""website"":""http://www.city.urayasu.chiba.jp/"",""wikidata"":""Q319729"",""wikipedia"":""ja:浦安市""}"